Num_Acc;senc;catv;occutc;obs;obsm;choc;manv;num_veh
201100014718;0;1;0;0.0;1.0;0.0;1.0;A01
201100014756;0;1;0;0.0;2.0;1.0;1.0;A01
201100014765;0;1;0;0.0;2.0;4.0;2.0;B01
201100014766;0;1;0;0.0;2.0;8.0;15.0;A01
201100014776;0;1;0;0.0;2.0;8.0;19.0;B01
201100014777;0;1;0;0.0;2.0;1.0;2.0;A01
201100014783;0;1;0;0.0;2.0;0.0;1.0;B01
201100014794;0;1;0;0.0;2.0;1.0;19.0;A01
201100014805;0;1;0;0.0;2.0;1.0;1.0;B01
201100014826;0;1;0;0.0;2.0;1.0;9.0;A01
201100014844;0;1;0;0.0;2.0;0.0;15.0;A01
201100014850;0;1;0;0.0;2.0;1.0;1.0;A01
201100014860;0;1;0;0.0;2.0;1.0;1.0;B01
201100014884;0;1;0;0.0;2.0;1.0;1.0;A01
201100014903;0;1;0;0.0;2.0;1.0;1.0;B01
201100014917;0;1;0;0.0;2.0;1.0;0.0;B01
201100014955;0;1;0;0.0;2.0;1.0;0.0;B01
201100014987;0;1;0;0.0;2.0;1.0;1.0;B01
201100015049;0;1;0;0.0;1.0;1.0;0.0;A01
201100015054;0;1;0;1.0;0.0;1.0;1.0;B01
201100015061;0;1;0;1.0;0.0;1.0;2.0;A01
201100015079;0;1;0;0.0;0.0;0.0;0.0;A01
201100015096;0;1;0;0.0;2.0;8.0;19.0;B01
201100015140;0;1;0;0.0;2.0;1.0;0.0;B01
201100015230;0;1;0;16.0;0.0;1.0;13.0;A01
201100015257;0;1;0;0.0;2.0;1.0;2.0;A01
201100015257;0;1;0;0.0;0.0;4.0;2.0;B01
201100015270;0;1;0;0.0;2.0;4.0;1.0;B01
201100015321;0;1;0;0.0;0.0;0.0;0.0;A01
201100015330;0;1;0;15.0;0.0;1.0;0.0;A01
201100015354;0;1;0;0.0;2.0;4.0;0.0;A01
201100015403;0;1;0;0.0;0.0;4.0;13.0;A01
201100015408;0;1;0;0.0;0.0;0.0;1.0;B01
201100015480;0;1;0;0.0;0.0;8.0;9.0;B01
201100015516;0;1;0;0.0;4.0;2.0;16.0;A01
201100015547;0;1;0;0.0;2.0;0.0;9.0;A01
201100015569;0;1;0;0.0;2.0;1.0;1.0;B01
201100015604;0;1;0;0.0;2.0;1.0;0.0;A01
201100015606;0;1;0;0.0;2.0;8.0;1.0;A01
201100015610;0;1;0;0.0;2.0;1.0;1.0;B01
201100015654;0;1;0;0.0;1.0;1.0;1.0;A01
201100015657;0;1;0;0.0;2.0;8.0;1.0;B01
201100015725;0;1;0;1.0;0.0;1.0;1.0;B01
201100015730;0;1;0;0.0;2.0;1.0;9.0;A01
201100015772;0;1;0;0.0;1.0;1.0;1.0;A01
201100015782;0;1;0;0.0;2.0;0.0;15.0;A01
201100015801;0;1;0;0.0;0.0;0.0;1.0;A01
201100015805;0;1;0;0.0;2.0;1.0;1.0;B01
201100015810;0;1;0;0.0;0.0;1.0;1.0;B01
201100015858;0;1;0;0.0;2.0;1.0;1.0;A01
201100015876;0;1;0;0.0;2.0;1.0;1.0;A01
201100015977;0;1;0;0.0;0.0;9.0;1.0;A01
201100015995;0;1;0;0.0;2.0;0.0;0.0;A01
201100015996;0;1;0;0.0;2.0;1.0;1.0;B01
201100016014;0;1;0;0.0;2.0;0.0;13.0;A01
201100016038;0;1;0;1.0;0.0;2.0;1.0;B01
201100016109;0;1;0;0.0;2.0;8.0;17.0;B01
201100016116;0;1;0;0.0;2.0;4.0;1.0;B01
201100016175;0;1;0;0.0;2.0;8.0;1.0;B01
201100016180;0;1;0;0.0;2.0;4.0;2.0;B01
201100016190;0;1;0;0.0;2.0;8.0;1.0;B01
201100016195;0;1;0;0.0;2.0;6.0;1.0;B01
201100016223;0;1;0;0.0;2.0;1.0;0.0;A01
201100016229;0;1;0;0.0;9.0;1.0;13.0;B01
201100016229;0;1;0;0.0;9.0;2.0;1.0;A01
201100016249;0;1;0;0.0;2.0;8.0;5.0;A01
201100016258;0;1;0;0.0;2.0;1.0;1.0;A01
201100016306;0;1;0;0.0;2.0;1.0;12.0;A01
201100016320;0;1;0;0.0;2.0;0.0;15.0;A01
201100016330;0;1;0;0.0;2.0;1.0;1.0;B01
201100016344;0;1;0;0.0;2.0;4.0;1.0;B01
201100016393;0;1;0;0.0;2.0;1.0;0.0;A01
201100016472;0;1;0;0.0;2.0;0.0;1.0;B01
201100016487;0;1;0;0.0;2.0;6.0;15.0;A01
201100016551;0;1;0;0.0;2.0;8.0;15.0;B01
201100016566;0;1;0;0.0;2.0;5.0;1.0;B01
201100016568;0;1;0;0.0;2.0;1.0;5.0;A01
201100016569;0;1;0;0.0;2.0;1.0;13.0;A01
201100016580;0;1;0;0.0;0.0;0.0;0.0;B02
201100016612;0;1;0;0.0;0.0;1.0;23.0;B02
201100016613;0;1;0;0.0;2.0;4.0;1.0;A01
201100016648;0;1;0;0.0;2.0;4.0;2.0;B02
201100016666;0;1;0;0.0;2.0;8.0;1.0;B02
201100016673;0;1;0;0.0;2.0;3.0;15.0;B02
201100016675;0;1;0;0.0;2.0;1.0;1.0;B02
201100016839;0;1;0;0.0;0.0;0.0;21.0;C03
201100016900;0;1;0;0.0;2.0;8.0;15.0;B02
201100016946;0;1;0;0.0;2.0;1.0;13.0;A01
201100016946;0;1;0;0.0;0.0;8.0;1.0;C03
201100016946;0;1;0;0.0;0.0;8.0;1.0;D04
201100016958;0;1;0;0.0;2.0;1.0;1.0;B02
201100017134;0;1;0;0.0;2.0;7.0;1.0;B01
201100017141;0;1;0;0.0;0.0;4.0;1.0;B01
201100017208;0;1;0;0.0;2.0;4.0;2.0;B02
201100017258;0;1;0;0.0;2.0;8.0;1.0;B02
201100017294;0;1;0;0.0;2.0;1.0;1.0;B02
201100017302;0;1;0;0.0;2.0;8.0;19.0;B02
201100017310;0;1;0;1.0;0.0;1.0;13.0;A01
201100017311;0;1;0;10.0;0.0;1.0;1.0;A01
201100017420;0;1;0;0.0;2.0;4.0;0.0;B02
201100017429;0;1;0;0.0;2.0;4.0;19.0;B02
201100017436;0;1;0;0.0;2.0;1.0;19.0;B02
201100017445;0;1;0;0.0;2.0;3.0;17.0;A01
201100017446;0;1;0;;2.0;2.0;;B02
201100017484;0;1;0;0.0;2.0;3.0;2.0;B01
201100017488;0;1;0;0.0;2.0;1.0;16.0;B01
201100017576;0;1;0;0.0;2.0;4.0;19.0;B02
201100017590;0;1;0;0.0;2.0;1.0;1.0;B01
201100017595;0;1;0;14.0;0.0;8.0;2.0;A01
201100017597;0;1;0;0.0;2.0;7.0;1.0;B02
201100017604;0;1;0;0.0;2.0;6.0;16.0;A01
201100017639;0;1;0;0.0;0.0;7.0;1.0;B02
201100017653;0;1;0;0.0;0.0;4.0;1.0;B02
201100017684;0;1;0;0.0;2.0;4.0;1.0;B02
201100017696;0;1;0;0.0;2.0;1.0;1.0;B02
201100017708;0;1;0;0.0;2.0;6.0;1.0;B02
201100017718;0;1;0;0.0;0.0;8.0;0.0;B02
201100017743;0;1;0;0.0;2.0;1.0;15.0;A01
201100017762;0;1;0;0.0;2.0;8.0;2.0;B02
201100017808;0;1;0;0.0;2.0;1.0;1.0;B02
201100017811;0;1;0;0.0;2.0;5.0;9.0;A01
201100017843;0;1;0;0.0;2.0;1.0;1.0;A01
201100017854;0;1;0;0.0;2.0;8.0;1.0;D04
201100017854;0;1;0;0.0;2.0;8.0;1.0;C03
201100017866;0;1;0;0.0;;4.0;11.0;B02
201100017894;0;1;0;0.0;2.0;8.0;2.0;B02
201100017911;0;1;0;0.0;2.0;1.0;1.0;B01
201100017924;1;1;0;0.0;1.0;1.0;5.0;Z01
201100017933;0;1;0;0.0;2.0;3.0;15.0;B01
201100017939;0;1;0;0.0;1.0;1.0;1.0;A01
201100017941;0;1;0;0.0;2.0;1.0;1.0;B01
201100017945;0;1;0;0.0;2.0;7.0;1.0;B01
201100017947;0;1;0;0.0;2.0;8.0;15.0;A01
201100017949;0;1;0;0.0;2.0;3.0;0.0;A01
201100017960;0;1;0;0.0;0.0;1.0;1.0;B01
201100017961;0;1;0;0.0;2.0;1.0;5.0;A01
201100017966;0;1;0;0.0;2.0;8.0;1.0;B01
201100017969;0;1;0;0.0;2.0;8.0;2.0;B01
201100017977;0;1;0;0.0;2.0;8.0;1.0;A01
201100017989;0;1;0;0.0;2.0;1.0;1.0;B01
201100018002;0;1;0;0.0;0.0;0.0;0.0;B01
201100018004;0;1;0;0.0;2.0;7.0;1.0;B01
201100018005;0;1;0;0.0;2.0;1.0;1.0;B01
201100018006;0;1;0;0.0;0.0;4.0;0.0;B01
201100018022;0;1;0;0.0;0.0;8.0;19.0;B02
201100018029;0;1;0;0.0;2.0;1.0;19.0;B02
201100018035;0;1;0;0.0;2.0;3.0;19.0;A01
201100018054;0;1;0;0.0;0.0;1.0;0.0;B02
201100018057;0;1;0;0.0;2.0;3.0;1.0;A02
201100018072;0;1;0;0.0;0.0;3.0;2.0;B02
201100018095;0;1;0;0.0;2.0;4.0;1.0;B02
201100018113;0;1;0;0.0;2.0;3.0;13.0;B02
201100018142;0;1;0;0.0;2.0;4.0;3.0;A01
201100018154;0;1;0;0.0;2.0;7.0;1.0;B01
201100018155;0;1;0;0.0;0.0;0.0;1.0;A01
201100018171;0;1;0;0.0;2.0;8.0;1.0;B01
201100018176;0;1;0;0.0;2.0;0.0;0.0;B01
201100018179;0;1;0;0.0;2.0;8.0;1.0;B01
201100018185;0;1;0;1.0;2.0;0.0;1.0;A01
201100018190;0;1;0;0.0;2.0;0.0;0.0;B01
201100018193;0;1;0;15.0;0.0;1.0;0.0;B01
201100018201;0;1;0;0.0;0.0;0.0;0.0;A01
201100018228;0;1;0;0.0;2.0;1.0;1.0;B01
201100018229;0;1;0;0.0;2.0;0.0;0.0;B01
201100018238;0;1;0;0.0;2.0;1.0;5.0;A01
201100018252;0;1;0;0.0;2.0;8.0;10.0;A01
201100018265;0;1;0;0.0;2.0;8.0;13.0;A01
201100018303;0;1;0;0.0;2.0;1.0;18.0;B01
201100018304;0;1;0;0.0;2.0;1.0;1.0;B01
201100018309;0;1;0;0.0;1.0;1.0;1.0;A01
201100018311;0;1;0;0.0;2.0;0.0;1.0;A01
201100018318;0;1;0;0.0;2.0;8.0;1.0;B01
201100018319;0;1;0;0.0;2.0;0.0;1.0;A01
201100018324;0;1;0;0.0;2.0;6.0;1.0;B01
201100018328;0;1;0;0.0;2.0;7.0;1.0;B01
201100018330;0;1;0;0.0;2.0;4.0;1.0;B01
201100018340;0;1;0;0.0;2.0;2.0;15.0;B01
201100018364;0;1;0;0.0;0.0;0.0;0.0;A01
201100018365;0;1;0;0.0;0.0;0.0;0.0;A01
201100018368;0;1;0;0.0;2.0;0.0;0.0;B01
201100018390;0;1;0;0.0;0.0;0.0;0.0;A01
201100018396;0;1;0;0.0;0.0;0.0;0.0;A01
201100018404;0;1;0;0.0;2.0;0.0;0.0;B01
201100018415;0;1;0;0.0;2.0;0.0;1.0;B01
201100018424;0;1;0;0.0;2.0;1.0;1.0;B01
201100018474;0;1;0;0.0;0.0;8.0;1.0;B02
201100018503;0;1;0;0.0;2.0;7.0;1.0;B01
201100018522;0;1;0;0.0;2.0;1.0;1.0;B01
201100018552;0;1;0;12.0;0.0;1.0;1.0;Y01
201100018621;0;1;0;0.0;0.0;0.0;1.0;A01
201100018671;0;1;0;0.0;2.0;9.0;19.0;B01
201100018735;0;1;0;0.0;2.0;1.0;1.0;B01
201100018746;0;1;0;0.0;2.0;1.0;19.0;B01
201100018761;0;1;0;0.0;2.0;8.0;0.0;B01
201100018807;0;1;0;0.0;2.0;3.0;1.0;B01
201100018815;0;1;0;0.0;0.0;6.0;13.0;B01
201100018865;0;1;0;0.0;2.0;0.0;1.0;K03
201100018865;0;1;0;0.0;2.0;1.0;1.0;G02
201100018865;0;1;0;0.0;2.0;3.0;1.0;C01
201100018865;0;1;0;0.0;0.0;8.0;1.0;B01
201100018865;0;1;0;0.0;2.0;1.0;1.0;E01
201100018865;0;1;0;0.0;2.0;1.0;1.0;F02
201100018865;0;1;0;0.0;0.0;0.0;1.0;I02
201100018865;0;1;0;0.0;0.0;0.0;0.0;D01
201100018865;0;1;0;0.0;0.0;0.0;1.0;J02
201100018865;0;1;0;0.0;0.0;0.0;1.0;H02
201100018870;0;1;0;3.0;2.0;1.0;1.0;C01
201100018971;0;1;0;11.0;0.0;1.0;1.0;A01
201100019033;0;1;0;0.0;2.0;8.0;1.0;B01
201100019110;0;1;0;0.0;2.0;1.0;1.0;B01
201100019217;0;1;0;0.0;2.0;0.0;1.0;B01
201100019333;0;1;0;0.0;0.0;0.0;1.0;B01
201100019350;0;1;0;0.0;2.0;1.0;1.0;B01
201100019361;0;1;0;0.0;2.0;8.0;1.0;B01
201100019372;0;1;0;0.0;9.0;1.0;0.0;B01
201100019410;0;1;0;0.0;2.0;8.0;13.0;B01
201100019487;0;1;0;0.0;2.0;0.0;0.0;A01
201100019504;0;1;0;0.0;2.0;8.0;15.0;A01
201100019575;0;1;0;0.0;0.0;1.0;1.0;B01
201100019593;0;1;0;0.0;2.0;4.0;1.0;B01
201100019594;0;1;0;2.0;2.0;0.0;0.0;A01
201100019607;0;1;0;0.0;0.0;1.0;2.0;B01
201100019632;0;1;0;0.0;2.0;1.0;16.0;A01
201100019634;0;1;0;0.0;2.0;1.0;5.0;A01
201100019648;0;1;0;0.0;2.0;3.0;2.0;A01
201100019679;0;1;0;0.0;2.0;8.0;23.0;B01
201100019685;0;1;0;0.0;2.0;1.0;1.0;B01
201100019725;0;1;0;0.0;2.0;7.0;1.0;A01
201100019868;0;1;0;0.0;2.0;1.0;1.0;B01
201100019881;0;1;0;0.0;2.0;0.0;1.0;B01
201100019910;0;1;0;0.0;2.0;4.0;1.0;B01
201100019928;0;1;0;0.0;2.0;1.0;1.0;A01
201100020016;0;1;0;0.0;2.0;0.0;2.0;B01
201100020017;0;1;0;0.0;2.0;1.0;1.0;B01
201100020021;0;1;0;0.0;2.0;1.0;0.0;A01
201100020051;0;1;0;0.0;2.0;4.0;2.0;B01
201100020062;0;1;0;0.0;2.0;1.0;21.0;B01
201100020091;0;1;0;0.0;2.0;8.0;1.0;B01
201100020109;0;1;0;0.0;2.0;7.0;19.0;A01
201100020119;0;1;0;0.0;0.0;0.0;1.0;A01
201100020125;0;1;0;0.0;2.0;1.0;1.0;B01
201100020145;0;1;0;0.0;2.0;0.0;0.0;B01
201100020166;0;1;0;0.0;2.0;8.0;11.0;B01
201100020205;0;1;0;0.0;2.0;0.0;0.0;B01
201100020224;0;1;0;0.0;2.0;1.0;16.0;A01
201100020237;0;1;0;0.0;2.0;1.0;1.0;A01
201100020239;0;1;0;0.0;2.0;5.0;1.0;B01
201100020253;0;1;0;0.0;2.0;6.0;11.0;A01
201100020257;0;1;0;0.0;2.0;0.0;1.0;B01
201100020274;0;1;0;0.0;0.0;1.0;2.0;A01
201100020316;0;1;0;0.0;2.0;8.0;1.0;B01
201100020325;0;1;0;0.0;0.0;7.0;0.0;A01
201100020329;0;1;0;0.0;2.0;1.0;2.0;B01
201100020342;0;1;0;0.0;2.0;7.0;1.0;B01
201100020480;0;1;0;0.0;2.0;0.0;1.0;B01
201100020503;0;1;0;0.0;2.0;1.0;15.0;B01
201100020593;0;1;0;0.0;2.0;1.0;1.0;B01
201100020620;0;1;0;0.0;2.0;8.0;1.0;B01
201100020625;0;1;0;0.0;2.0;7.0;1.0;B01
201100020737;0;1;0;0.0;2.0;0.0;2.0;A01
201100020748;0;1;0;0.0;2.0;0.0;23.0;B01
201100020838;0;1;0;0.0;2.0;7.0;16.0;A01
201100020880;0;1;0;0.0;1.0;0.0;1.0;B01
201100020889;0;1;0;0.0;2.0;8.0;1.0;B01
201100020921;0;1;0;0.0;2.0;1.0;0.0;B01
201100020931;0;1;0;0.0;2.0;1.0;3.0;A01
201100020932;0;1;0;0.0;2.0;1.0;0.0;A01
201100020961;0;1;0;0.0;2.0;4.0;5.0;A01
201100021040;0;1;0;0.0;2.0;4.0;2.0;B01
201100021435;0;1;0;0.0;2.0;1.0;0.0;A01
201100021488;0;1;0;0.0;0.0;1.0;1.0;B01
201100021507;0;1;0;0.0;2.0;1.0;1.0;B01
201100021512;0;1;0;0.0;2.0;1.0;19.0;A01
201100021554;0;1;0;0.0;2.0;8.0;1.0;B01
201100021556;0;1;0;0.0;2.0;1.0;1.0;B01
201100021585;0;1;0;0.0;2.0;3.0;19.0;B01
201100021626;0;1;0;0.0;2.0;1.0;0.0;B01
201100021659;0;1;0;0.0;2.0;3.0;2.0;A01
201100021661;0;1;0;0.0;2.0;5.0;11.0;B01
201100021670;0;1;0;0.0;2.0;6.0;2.0;B01
201100021721;0;1;0;12.0;0.0;1.0;14.0;A01
201100021769;0;1;0;0.0;2.0;8.0;11.0;A01
201100021772;0;1;0;0.0;2.0;1.0;16.0;B01
201100021775;0;1;0;0.0;2.0;1.0;1.0;B01
201100021868;0;1;0;0.0;2.0;1.0;11.0;A01
201100021890;0;1;0;0.0;2.0;4.0;0.0;B01
201100021932;0;1;0;12.0;2.0;0.0;1.0;C03
201100021932;0;1;0;0.0;2.0;6.0;1.0;B02
201100021994;0;1;0;0.0;2.0;1.0;23.0;B01
201100022061;0;1;0;0.0;2.0;1.0;1.0;B01
201100022090;0;1;0;0.0;2.0;4.0;2.0;B02
201100022099;0;1;0;0.0;2.0;4.0;16.0;B01
201100022108;0;1;0;1.0;0.0;1.0;21.0;B01
201100022130;0;1;0;0.0;2.0;1.0;16.0;A01
201100022159;0;1;0;0.0;2.0;1.0;19.0;A01
201100022161;0;1;0;0.0;2.0;7.0;1.0;B01
201100022190;0;1;0;0.0;2.0;1.0;1.0;B01
201100022200;0;1;0;0.0;0.0;8.0;1.0;A01
201100022207;0;1;0;0.0;2.0;1.0;12.0;B02
201100022313;0;1;0;0.0;2.0;7.0;1.0;B02
201100022361;0;1;0;0.0;2.0;8.0;1.0;B02
201100022430;0;1;0;0.0;2.0;4.0;1.0;B01
201100022450;0;1;0;0.0;2.0;7.0;19.0;B01
201100022460;0;1;0;0.0;2.0;6.0;1.0;B01
201100022463;0;1;0;0.0;2.0;1.0;16.0;B01
201100022472;0;1;0;0.0;2.0;1.0;1.0;B01
201100022504;0;1;0;0.0;2.0;1.0;7.0;A01
201100022509;0;1;0;0.0;2.0;1.0;15.0;B01
201100022513;0;1;0;0.0;2.0;0.0;19.0;B01
201100022536;0;1;0;0.0;2.0;4.0;1.0;B01
201100022547;0;1;0;0.0;2.0;4.0;1.0;B01
201100022558;0;1;0;0.0;2.0;1.0;2.0;A01
201100022576;0;1;0;0.0;0.0;1.0;1.0;B02
201100022578;0;1;0;0.0;2.0;1.0;1.0;A01
201100022582;0;1;0;0.0;0.0;0.0;0.0;A01
201100022594;0;1;0;0.0;2.0;4.0;2.0;B01
201100022605;0;1;0;0.0;2.0;8.0;0.0;B01
201100022610;0;1;0;0.0;2.0;0.0;1.0;B01
201100022618;0;1;0;0.0;2.0;4.0;0.0;B01
201100022619;0;1;0;0.0;2.0;4.0;2.0;B01
201100022636;0;1;0;0.0;2.0;7.0;0.0;B01
201100022641;0;1;0;0.0;2.0;1.0;1.0;B01
201100022641;0;1;0;0.0;2.0;6.0;15.0;A01
201100022659;0;1;0;0.0;2.0;7.0;0.0;B01
201100022670;0;1;0;0.0;2.0;1.0;1.0;B01
201100022672;0;1;0;0.0;1.0;1.0;1.0;A01
201100022690;0;1;0;0.0;2.0;4.0;1.0;B01
201100022693;0;1;0;0.0;0.0;0.0;0.0;A01
201100022700;0;1;0;0.0;0.0;0.0;0.0;B01
201100022704;0;1;0;0.0;1.0;8.0;1.0;B01
201100022711;0;1;0;0.0;2.0;4.0;1.0;B01
201100022714;0;1;0;0.0;2.0;8.0;19.0;B01
201100022739;0;1;0;1.0;0.0;1.0;0.0;B01
201100022745;0;1;0;0.0;2.0;0.0;1.0;B01
201100022748;0;1;0;0.0;2.0;1.0;13.0;A01
201100022750;0;1;0;0.0;2.0;1.0;1.0;B01
201100022751;0;1;0;0.0;2.0;1.0;9.0;B01
201100022761;0;1;0;0.0;2.0;1.0;1.0;B01
201100022762;0;1;0;16.0;0.0;1.0;1.0;A01
201100022774;0;1;0;0.0;2.0;1.0;1.0;B01
201100022779;0;1;0;0.0;2.0;8.0;15.0;A01
201100022789;0;1;0;0.0;2.0;8.0;0.0;B01
201100022797;0;1;0;0.0;2.0;1.0;1.0;B01
201100022797;0;1;0;0.0;2.0;1.0;13.0;A01
201100022806;0;1;0;0.0;2.0;7.0;0.0;B01
201100022808;0;1;0;0.0;2.0;0.0;1.0;A01
201100022815;0;1;0;0.0;2.0;7.0;15.0;B01
201100022825;0;1;0;1.0;0.0;0.0;0.0;B01
201100022832;0;1;0;0.0;2.0;7.0;1.0;B01
201100022833;0;1;0;16.0;0.0;0.0;1.0;A01
201100022838;0;1;0;0.0;2.0;1.0;1.0;B01
201100022840;0;1;0;0.0;2.0;6.0;1.0;B01
201100022855;0;1;0;0.0;2.0;1.0;1.0;B01
201100022860;0;1;0;0.0;2.0;3.0;1.0;A01
201100022869;0;1;0;0.0;2.0;1.0;0.0;A01
201100022875;0;1;0;0.0;2.0;1.0;19.0;B01
201100022878;0;1;0;0.0;2.0;0.0;1.0;B01
201100022883;0;1;0;0.0;2.0;1.0;0.0;B01
201100022887;0;1;0;0.0;2.0;4.0;2.0;B01
201100022889;0;1;0;0.0;2.0;1.0;0.0;B01
201100022899;0;1;0;0.0;0.0;0.0;2.0;A01
201100022902;0;1;0;0.0;2.0;1.0;0.0;B01
201100022903;0;1;0;0.0;2.0;0.0;1.0;B01
201100022905;0;1;0;0.0;2.0;0.0;1.0;B01
201100022909;0;1;0;0.0;2.0;1.0;1.0;A01
201100022918;0;1;0;0.0;2.0;0.0;1.0;A01
201100022941;0;1;0;0.0;0.0;0.0;1.0;B01
201100022944;0;1;0;0.0;2.0;1.0;1.0;B01
201100022954;0;1;0;0.0;2.0;0.0;19.0;B01
201100022960;0;1;0;0.0;2.0;1.0;1.0;B01
201100022961;0;1;0;16.0;0.0;2.0;1.0;A01
201100022964;0;1;0;0.0;2.0;1.0;1.0;B01
201100022979;0;1;0;0.0;2.0;1.0;0.0;B01
201100023000;0;1;0;0.0;2.0;0.0;1.0;B01
201100023002;0;1;0;0.0;2.0;0.0;0.0;B01
201100023007;0;1;0;0.0;2.0;0.0;1.0;B01
201100023009;0;1;0;0.0;2.0;1.0;0.0;B01
201100023010;0;1;0;0.0;2.0;1.0;16.0;A01
201100023018;0;1;0;0.0;2.0;0.0;0.0;B01
201100023024;0;1;0;0.0;2.0;0.0;0.0;A01
201100023025;0;1;0;12.0;0.0;1.0;1.0;A01
201100023031;0;1;0;0.0;2.0;1.0;1.0;A01
201100023039;0;1;0;0.0;2.0;4.0;1.0;B01
201100023053;0;1;0;0.0;2.0;1.0;0.0;B01
201100023062;0;1;0;0.0;2.0;1.0;0.0;A01
201100023064;0;1;0;0.0;1.0;1.0;1.0;A01
201100023064;0;1;0;0.0;2.0;1.0;0.0;B01
201100023075;0;1;0;0.0;2.0;7.0;15.0;B01
201100023117;0;1;0;0.0;1.0;1.0;1.0;A01
201100023121;0;1;0;0.0;2.0;1.0;1.0;B01
201100023131;0;1;0;0.0;2.0;1.0;1.0;B01
201100023134;0;1;0;0.0;1.0;0.0;0.0;A01
201100023162;0;1;0;0.0;0.0;0.0;1.0;A01
201100023163;0;1;0;0.0;2.0;1.0;5.0;A01
201100023168;0;1;0;1.0;0.0;2.0;0.0;B01
201100023187;0;1;0;0.0;0.0;4.0;0.0;B01
201100023188;0;1;0;0.0;0.0;2.0;0.0;B01
201100023189;0;1;0;0.0;2.0;1.0;0.0;B01
201100023190;0;1;0;0.0;0.0;0.0;0.0;B01
201100023206;0;1;0;0.0;2.0;8.0;1.0;B01
201100023233;0;1;0;0.0;2.0;4.0;2.0;B02
201100023243;0;1;0;0.0;2.0;1.0;1.0;B02
201100023320;0;1;0;0.0;1.0;1.0;1.0;A01
201100023346;0;1;0;0.0;2.0;8.0;1.0;B01
201100023372;0;1;0;0.0;2.0;1.0;1.0;A01
201100023380;0;1;0;0.0;2.0;1.0;15.0;B01
201100023403;0;1;0;0.0;2.0;0.0;1.0;B01
201100023410;0;1;0;0.0;2.0;3.0;1.0;B01
201100023411;0;1;0;0.0;2.0;7.0;19.0;A01
201100023434;0;1;0;0.0;2.0;4.0;1.0;A01
201100023445;0;1;0;0.0;0.0;3.0;15.0;A01
201100023477;0;1;0;0.0;2.0;1.0;13.0;B02
201100023600;0;1;0;0.0;2.0;1.0;1.0;B01
201100023630;0;1;0;0.0;2.0;4.0;15.0;B01
201100023637;0;1;0;0.0;2.0;1.0;1.0;B01
201100023646;0;1;0;0.0;2.0;8.0;1.0;B01
201100023655;0;1;0;0.0;2.0;1.0;19.0;B02
201100023667;0;1;0;1.0;0.0;2.0;1.0;B02
201100023676;0;1;0;0.0;2.0;3.0;1.0;A01
201100023681;0;1;0;0.0;2.0;1.0;1.0;B02
201100023748;0;1;0;0.0;2.0;1.0;1.0;B01
201100023752;0;1;0;0.0;2.0;1.0;1.0;A01
201100023803;0;1;0;0.0;2.0;1.0;1.0;A01
201100023804;0;1;0;0.0;2.0;1.0;1.0;B01
201100023813;0;1;0;0.0;2.0;4.0;1.0;B01
201100023826;0;1;0;0.0;2.0;1.0;15.0;B02
201100023828;0;1;0;0.0;0.0;1.0;1.0;B02
201100023863;0;1;0;0.0;2.0;8.0;19.0;B02
201100023864;0;1;0;0.0;2.0;1.0;1.0;B02
201100023868;0;1;0;0.0;2.0;6.0;19.0;B01
201100023869;0;1;0;0.0;2.0;7.0;2.0;B01
201100023882;0;1;0;0.0;2.0;1.0;19.0;B01
201100023886;0;1;0;0.0;2.0;5.0;1.0;B01
201100023895;0;1;0;0.0;2.0;1.0;2.0;A01
201100023897;0;1;0;0.0;2.0;1.0;1.0;B01
201100023902;0;1;0;0.0;2.0;4.0;1.0;B01
201100023919;0;1;0;0.0;2.0;3.0;1.0;B01
201100023926;0;1;0;0.0;2.0;1.0;16.0;A01
201100023929;0;1;0;0.0;2.0;1.0;1.0;B01
201100023934;0;1;0;0.0;2.0;1.0;1.0;B01
201100023935;1;1;0;0.0;1.0;1.0;0.0;Z01
201100023938;0;1;0;0.0;2.0;1.0;1.0;B01
201100023952;0;1;0;0.0;2.0;1.0;1.0;C01
201100023965;0;1;0;1.0;0.0;1.0;1.0;A01
201100023967;0;1;0;0.0;2.0;1.0;1.0;B01