Num_Acc;senc;catv;occutc;obs;obsm;choc;manv;num_veh
201100032522;0;1;0;0.0;2.0;1.0;1.0;B01
201100032525;0;1;0;0.0;0.0;1.0;1.0;A01
201100032532;0;1;0;0.0;2.0;1.0;15.0;A01
201100032532;0;1;0;0.0;2.0;4.0;17.0;B01
201100032537;0;1;0;0.0;0.0;0.0;1.0;A01
201100032540;0;1;0;0.0;2.0;0.0;1.0;A01
201100032546;0;1;0;0.0;2.0;1.0;1.0;B01
201100032550;0;1;0;0.0;1.0;1.0;1.0;A01
201100032562;0;1;0;0.0;2.0;4.0;1.0;B01
201100032571;0;1;0;0.0;2.0;1.0;15.0;A01
201100032572;0;1;0;0.0;0.0;0.0;19.0;A01
201100032588;0;1;0;0.0;2.0;8.0;1.0;A01
201100032590;0;1;0;0.0;2.0;1.0;1.0;A01
201100032590;1;1;0;0.0;1.0;1.0;1.0;Z01
201100032591;0;1;0;0.0;2.0;7.0;0.0;B01
201100032595;0;1;0;0.0;2.0;1.0;1.0;B01
201100032597;0;1;0;1.0;0.0;1.0;1.0;A01
201100032604;0;1;0;0.0;2.0;8.0;1.0;B01
201100032605;0;1;0;0.0;0.0;0.0;0.0;A01
201100032608;0;1;0;12.0;0.0;0.0;1.0;A01
201100032613;0;1;0;0.0;0.0;0.0;1.0;A01
201100032615;0;1;0;0.0;2.0;8.0;1.0;B01
201100032618;0;1;0;0.0;2.0;1.0;1.0;A01
201100032619;0;1;0;0.0;2.0;7.0;1.0;B01
201100032623;0;1;0;12.0;0.0;1.0;1.0;A01
201100032625;0;1;0;0.0;2.0;4.0;10.0;B01
201100032627;0;1;0;0.0;0.0;0.0;1.0;A01
201100032637;0;1;0;0.0;2.0;1.0;1.0;B01
201100032638;0;1;0;0.0;2.0;7.0;15.0;A01
201100032640;0;1;0;0.0;2.0;7.0;19.0;B01
201100032647;0;1;0;0.0;2.0;1.0;15.0;A01
201100032657;0;1;0;0.0;2.0;7.0;1.0;B01
201100032659;0;1;0;0.0;0.0;0.0;1.0;A01
201100032662;0;1;0;0.0;1.0;1.0;1.0;A01
201100032667;0;1;0;1.0;0.0;0.0;1.0;A01
201100032669;0;1;0;0.0;2.0;8.0;1.0;B01
201100032671;0;1;0;0.0;2.0;8.0;1.0;B01
201100032674;0;1;0;0.0;0.0;0.0;1.0;A01
201100032675;0;1;0;0.0;2.0;8.0;1.0;B01
201100032679;0;1;0;0.0;2.0;3.0;1.0;B01
201100032682;0;1;0;0.0;2.0;0.0;11.0;B01
201100032685;0;1;0;0.0;5.0;0.0;1.0;A01
201100032688;0;1;0;0.0;0.0;0.0;1.0;A01
201100032691;0;1;0;0.0;2.0;1.0;1.0;B01
201100032692;0;1;0;0.0;2.0;8.0;1.0;B01
201100032693;0;1;0;14.0;0.0;0.0;1.0;A01
201100032696;0;1;0;0.0;2.0;4.0;9.0;B01
201100032700;0;1;0;0.0;2.0;7.0;1.0;B01
201100032704;0;1;0;0.0;0.0;0.0;0.0;A01
201100032726;0;1;0;0.0;2.0;4.0;1.0;B01
201100032728;0;1;0;0.0;2.0;1.0;15.0;A01
201100032737;0;1;0;0.0;2.0;4.0;1.0;B01
201100032746;0;1;0;0.0;2.0;1.0;1.0;A01
201100032747;0;1;0;0.0;2.0;4.0;1.0;B01
201100032749;0;1;0;0.0;2.0;1.0;1.0;B01
201100032754;0;1;0;0.0;2.0;7.0;1.0;B01
201100032756;0;1;0;1.0;0.0;0.0;1.0;A01
201100032758;0;1;0;0.0;2.0;0.0;1.0;B01
201100032776;0;1;0;0.0;2.0;1.0;15.0;B01
201100032784;0;1;0;0.0;2.0;4.0;1.0;B01
201100032797;0;1;0;0.0;2.0;8.0;1.0;B01
201100032813;0;1;0;0.0;2.0;1.0;9.0;A01
201100032833;0;1;0;0.0;2.0;4.0;1.0;B01
201100032849;0;1;0;0.0;2.0;1.0;1.0;B01
201100032877;0;1;0;0.0;0.0;1.0;0.0;A01
201100032884;0;1;0;0.0;0.0;0.0;0.0;A01
201100032887;0;1;0;0.0;2.0;1.0;16.0;A01
201100032891;0;1;0;0.0;2.0;7.0;1.0;B01
201100032891;0;1;0;0.0;2.0;1.0;9.0;A01
201100032892;0;1;0;0.0;0.0;0.0;1.0;A01
201100032893;0;1;0;0.0;2.0;1.0;1.0;B01
201100032897;0;1;0;0.0;0.0;1.0;1.0;A01
201100032900;0;1;0;0.0;0.0;8.0;1.0;A01
201100032901;0;1;0;0.0;0.0;0.0;1.0;A01
201100032912;0;1;0;1.0;0.0;8.0;21.0;A01
201100032913;0;1;0;0.0;2.0;4.0;2.0;B01
201100032918;0;1;0;0.0;0.0;0.0;1.0;A01
201100032919;0;1;0;0.0;0.0;0.0;1.0;A01
201100032920;0;1;0;0.0;2.0;7.0;2.0;B01
201100032922;0;1;0;0.0;0.0;0.0;1.0;A01
201100032925;0;1;0;0.0;0.0;7.0;2.0;A01
201100032928;0;1;0;0.0;0.0;7.0;1.0;A01
201100032929;0;1;0;0.0;2.0;7.0;19.0;B01
201100032930;0;1;0;0.0;2.0;1.0;1.0;A01
201100032930;0;1;0;0.0;2.0;4.0;1.0;B01
201100032946;0;1;0;0.0;2.0;1.0;1.0;B01
201100032948;0;1;0;0.0;2.0;4.0;19.0;B01
201100032954;0;1;0;0.0;0.0;0.0;16.0;A01
201100032955;0;1;0;0.0;0.0;0.0;1.0;A01
201100032963;0;1;0;0.0;2.0;1.0;23.0;B01
201100032977;0;1;0;0.0;0.0;0.0;1.0;A01
201100032992;0;1;0;0.0;2.0;1.0;1.0;A01
201100032998;0;1;0;0.0;2.0;8.0;1.0;B01
201100033016;0;1;0;12.0;0.0;2.0;14.0;A01
201100033058;0;1;0;0.0;1.0;1.0;1.0;B01
201100033059;0;1;0;0.0;2.0;8.0;0.0;A01
201100033063;0;1;0;0.0;2.0;1.0;1.0;B01
201100033070;0;1;0;0.0;2.0;1.0;13.0;A01
201100033070;0;1;0;0.0;2.0;1.0;1.0;C01
201100033070;0;1;0;0.0;2.0;1.0;1.0;B01
201100033073;1;1;0;0.0;2.0;1.0;5.0;B01
201100033084;0;1;0;0.0;2.0;1.0;2.0;A01
201100033091;0;1;0;0.0;0.0;0.0;1.0;A01
201100033127;0;1;0;16.0;0.0;1.0;1.0;A01
201100033132;0;1;0;16.0;0.0;1.0;1.0;A01
201100033134;0;1;0;0.0;2.0;1.0;9.0;A01
201100033144;0;1;0;0.0;0.0;7.0;1.0;A01
201100033152;0;1;0;0.0;2.0;1.0;1.0;B01
201100033155;0;1;0;0.0;2.0;1.0;19.0;A01
201100033180;0;1;0;0.0;2.0;3.0;16.0;A01
201100033181;0;1;0;0.0;0.0;4.0;2.0;C01
201100033213;0;1;0;0.0;2.0;2.0;1.0;A01
201100033234;0;1;0;0.0;2.0;2.0;11.0;A01
201100033248;0;1;0;0.0;2.0;6.0;0.0;B01
201100033275;0;1;0;0.0;2.0;8.0;5.0;A01
201100033279;0;1;0;0.0;2.0;8.0;2.0;B01
201100033297;0;1;0;0.0;1.0;1.0;5.0;A01
201100033298;0;1;0;0.0;2.0;3.0;2.0;B01
201100033312;0;1;0;0.0;0.0;1.0;21.0;B01
201100033313;0;1;0;0.0;2.0;1.0;1.0;B01
201100033315;0;1;0;0.0;2.0;4.0;2.0;B01
201100033332;0;1;0;0.0;2.0;4.0;1.0;B01
201100033345;0;1;0;0.0;2.0;5.0;1.0;B01
201100033360;0;1;0;0.0;2.0;3.0;19.0;A01
201100033370;0;1;0;0.0;2.0;1.0;1.0;B01
201100033380;0;1;0;0.0;2.0;1.0;16.0;B01
201100033399;0;1;0;0.0;2.0;7.0;1.0;B01
201100033401;0;1;0;0.0;2.0;1.0;1.0;C01
201100033427;0;1;0;0.0;2.0;7.0;15.0;A01
201100033434;0;1;0;0.0;2.0;8.0;19.0;A01
201100033441;0;1;0;0.0;2.0;8.0;1.0;A01
201100033458;0;1;0;0.0;2.0;8.0;15.0;B01
201100033474;0;1;0;0.0;0.0;0.0;1.0;A01
201100033500;0;1;0;0.0;2.0;8.0;1.0;B01
201100033506;0;1;0;0.0;2.0;1.0;15.0;B01
201100033516;0;1;0;0.0;2.0;1.0;1.0;B01
201100033571;0;1;0;0.0;0.0;6.0;2.0;A01
201100033580;0;1;0;0.0;2.0;1.0;0.0;B01
201100033582;0;1;0;1.0;0.0;1.0;1.0;B01
201100033590;0;1;0;0.0;2.0;1.0;15.0;A01
201100033601;0;1;0;0.0;0.0;2.0;1.0;A01
201100033641;0;1;0;0.0;2.0;8.0;1.0;B01
201100033656;0;1;0;0.0;2.0;8.0;11.0;A01
201100033657;0;1;0;0.0;4.0;1.0;15.0;A01
201100033668;0;1;0;0.0;2.0;1.0;1.0;B01
201100033679;0;1;0;0.0;2.0;1.0;1.0;B01
201100033680;0;1;0;0.0;2.0;3.0;9.0;A01
201100033683;0;1;0;0.0;2.0;1.0;0.0;A01
201100033697;0;1;0;0.0;2.0;1.0;1.0;A01
201100033722;0;1;0;0.0;2.0;1.0;2.0;A01
201100033724;0;1;0;0.0;2.0;1.0;1.0;A01
201100033745;0;1;0;0.0;2.0;3.0;23.0;B01
201100033751;0;1;0;0.0;2.0;1.0;1.0;B01
201100033759;0;1;0;0.0;2.0;7.0;1.0;A01
201100033763;0;1;0;0.0;2.0;1.0;1.0;B01
201100033775;0;1;0;0.0;2.0;1.0;19.0;A01
201100033779;0;1;0;0.0;2.0;4.0;19.0;A01
201100033787;0;1;0;0.0;2.0;1.0;1.0;B01
201100033793;0;1;0;0.0;2.0;1.0;0.0;A01
201100033801;0;1;0;0.0;2.0;7.0;1.0;B01
201100033808;0;1;0;0.0;2.0;1.0;1.0;A01
201100033830;0;1;0;0.0;2.0;8.0;1.0;B01
201100033872;0;1;0;0.0;2.0;1.0;1.0;A01
201100033873;0;1;0;0.0;2.0;8.0;2.0;B01
201100033884;0;1;0;0.0;2.0;3.0;15.0;A01
201100033892;0;1;0;0.0;2.0;1.0;0.0;B01
201100033893;0;1;0;0.0;2.0;1.0;2.0;B01
201100033896;0;1;0;0.0;2.0;0.0;1.0;B01
201100033906;0;1;0;0.0;2.0;1.0;1.0;B01
201100033916;0;1;0;0.0;2.0;8.0;1.0;A01
201100033917;0;1;0;0.0;2.0;7.0;19.0;B01
201100033924;0;1;0;0.0;2.0;1.0;7.0;B01
201100033928;0;1;0;0.0;4.0;1.0;1.0;A01
201100033960;0;1;0;0.0;2.0;1.0;1.0;B01
201100033964;0;1;0;0.0;2.0;1.0;9.0;B01
201100034005;0;1;0;0.0;2.0;3.0;9.0;A01
201100034017;0;1;0;0.0;2.0;1.0;9.0;A01
201100034040;0;1;0;0.0;2.0;0.0;1.0;B01
201100034043;0;1;0;0.0;2.0;1.0;15.0;A01
201100034064;0;1;0;0.0;2.0;1.0;1.0;B01
201100034084;0;1;0;0.0;2.0;8.0;15.0;B01
201100034085;0;1;0;0.0;2.0;0.0;0.0;B01
201100034091;0;1;0;0.0;1.0;1.0;1.0;A01
201100034092;0;1;0;0.0;2.0;1.0;15.0;A01
201100034096;0;1;0;0.0;2.0;1.0;15.0;B01
201100034102;0;1;0;0.0;2.0;1.0;1.0;B01
201100034106;0;1;0;12.0;0.0;2.0;1.0;A01
201100034137;0;1;0;0.0;0.0;0.0;0.0;A01
201100034138;0;1;0;0.0;2.0;1.0;1.0;B01
201100034142;0;1;0;0.0;2.0;1.0;1.0;A01
201100034142;0;1;0;0.0;2.0;1.0;1.0;B01
201100034143;0;1;0;0.0;1.0;1.0;1.0;A01
201100034148;0;1;0;0.0;2.0;7.0;1.0;B01
201100034154;0;1;0;0.0;5.0;0.0;1.0;A01
201100034157;0;1;0;0.0;2.0;1.0;1.0;B01
201100034160;0;1;0;0.0;2.0;1.0;23.0;B01
201100034165;0;1;0;0.0;0.0;1.0;1.0;B01
201100034171;0;1;0;0.0;0.0;0.0;1.0;A01
201100034183;0;1;0;1.0;0.0;7.0;1.0;A01
201100034186;0;1;0;0.0;2.0;1.0;0.0;A01
201100034197;0;1;0;0.0;2.0;5.0;1.0;B01
201100034216;0;1;0;0.0;2.0;3.0;1.0;B01
201100034218;0;1;0;0.0;2.0;1.0;1.0;B01
201100034219;0;1;0;0.0;2.0;8.0;1.0;B01
201100034221;0;1;0;0.0;2.0;1.0;19.0;B01
201100034236;0;1;0;0.0;2.0;1.0;16.0;A01
201100034238;0;1;0;0.0;2.0;1.0;0.0;A01
201100034258;0;1;0;0.0;2.0;4.0;1.0;B01
201100034270;0;1;0;0.0;2.0;0.0;0.0;B01
201100034271;0;1;0;0.0;2.0;1.0;1.0;B01
201100034272;0;1;0;1.0;0.0;2.0;1.0;B01
201100034274;0;1;0;0.0;2.0;1.0;1.0;B01
201100034282;0;1;0;0.0;2.0;1.0;1.0;B01
201100034285;0;1;0;0.0;0.0;0.0;0.0;A01
201100034289;0;1;0;0.0;2.0;8.0;9.0;A01
201100034291;0;1;0;0.0;0.0;1.0;1.0;A01
201100034292;0;1;0;1.0;0.0;0.0;0.0;B01
201100034297;0;1;0;0.0;1.0;1.0;17.0;A01
201100034302;0;1;0;0.0;2.0;1.0;1.0;B01
201100034341;0;1;0;0.0;1.0;1.0;1.0;A01
201100034358;0;1;0;0.0;2.0;0.0;19.0;B01
201100034383;0;1;0;0.0;2.0;8.0;19.0;B01
201100034395;0;1;0;0.0;2.0;0.0;1.0;B01
201100034398;0;1;0;0.0;2.0;8.0;1.0;B01
201100034409;0;1;0;0.0;2.0;1.0;1.0;A01
201100034410;0;1;0;0.0;1.0;0.0;0.0;A01
201100034415;0;1;0;0.0;2.0;4.0;11.0;A01
201100034424;0;1;0;0.0;2.0;1.0;21.0;B01
201100034429;0;1;0;0.0;2.0;4.0;9.0;A01
201100034448;0;1;0;0.0;2.0;9.0;1.0;B01
201100034458;0;1;0;0.0;2.0;1.0;1.0;B01
201100034459;0;1;0;0.0;2.0;1.0;9.0;A01
201100034464;0;1;0;0.0;2.0;1.0;1.0;B01
201100034504;0;1;0;0.0;2.0;7.0;1.0;B01
201100034529;0;1;0;0.0;2.0;1.0;1.0;B01
201100034533;0;1;0;0.0;2.0;1.0;17.0;A01
201100034570;0;1;0;0.0;2.0;1.0;1.0;B01
201100034571;0;1;0;0.0;2.0;0.0;19.0;B01
201100034578;0;1;0;0.0;2.0;1.0;1.0;A01
201100034598;0;1;0;1.0;0.0;2.0;1.0;B01
201100034602;0;1;0;0.0;2.0;1.0;19.0;A01
201100034616;0;1;0;0.0;2.0;1.0;1.0;B01
201100034648;0;1;0;0.0;0.0;1.0;0.0;B01
201100034657;0;1;0;0.0;2.0;4.0;1.0;B01
201100034685;0;1;0;0.0;2.0;1.0;1.0;A01
201100034687;0;1;0;0.0;2.0;1.0;1.0;B01
201100034692;0;1;0;0.0;2.0;8.0;1.0;B01
201100034701;0;1;0;0.0;2.0;8.0;1.0;B01
201100034703;0;1;0;0.0;2.0;8.0;1.0;B01
201100034704;0;1;0;0.0;0.0;1.0;1.0;B01
201100034712;0;1;0;0.0;2.0;1.0;9.0;A01
201100034721;0;1;0;0.0;2.0;4.0;2.0;B01
201100034728;0;1;0;0.0;9.0;1.0;1.0;B01
201100034749;0;1;0;0.0;2.0;1.0;19.0;B01
201100034750;0;1;0;0.0;2.0;1.0;9.0;B01
201100034756;0;1;0;0.0;2.0;7.0;1.0;B01
201100034769;0;1;0;0.0;2.0;4.0;13.0;A01
201100034773;0;1;0;12.0;0.0;0.0;0.0;A01
201100034775;0;1;0;0.0;0.0;0.0;0.0;A01
201100034777;0;1;0;6.0;0.0;1.0;0.0;A01
201100034784;0;1;0;0.0;0.0;0.0;0.0;A01
201100034786;0;1;0;0.0;0.0;0.0;0.0;A01
201100034788;0;1;0;0.0;0.0;0.0;0.0;A01
201100034805;0;1;0;0.0;0.0;0.0;0.0;A01
201100034812;0;1;0;0.0;2.0;8.0;0.0;A01
201100034816;0;1;0;0.0;2.0;1.0;15.0;A01
201100034818;0;1;0;0.0;2.0;8.0;1.0;B01
201100034848;0;1;0;0.0;2.0;1.0;9.0;A01
201100034851;0;1;0;0.0;2.0;1.0;0.0;A01
201100034865;0;1;0;0.0;2.0;3.0;2.0;B01
201100034890;0;1;0;0.0;2.0;1.0;0.0;B01
201100034904;0;1;0;0.0;2.0;1.0;1.0;A01
201100034905;0;1;0;0.0;0.0;1.0;0.0;B01
201100034914;0;1;0;0.0;0.0;1.0;2.0;A01
201100034924;0;1;0;0.0;0.0;8.0;13.0;B01
201100034926;0;1;0;0.0;0.0;4.0;1.0;B01
201100034929;0;1;0;0.0;2.0;2.0;1.0;B01
201100034933;0;1;0;0.0;2.0;8.0;23.0;B01
201100034943;0;1;0;0.0;2.0;1.0;13.0;B01
201100034946;0;1;0;0.0;2.0;0.0;6.0;A01
201100034955;0;1;0;0.0;9.0;0.0;0.0;A01
201100034962;0;1;0;0.0;2.0;1.0;0.0;B01
201100034964;0;1;0;0.0;2.0;1.0;0.0;B01
201100034965;0;1;0;0.0;2.0;1.0;1.0;B01
201100034973;0;1;0;0.0;2.0;0.0;13.0;B01
201100034990;0;1;0;0.0;2.0;1.0;1.0;B01
201100034993;2;1;0;0.0;1.0;1.0;0.0;A01
201100034997;0;1;0;0.0;2.0;1.0;19.0;B01
201100035011;0;1;0;0.0;2.0;0.0;5.0;B01
201100035013;0;1;0;0.0;2.0;1.0;19.0;A01
201100035016;0;1;0;0.0;2.0;4.0;1.0;A01
201100035019;0;1;0;0.0;2.0;1.0;1.0;B01
201100035024;0;1;0;0.0;2.0;1.0;1.0;B01
201100035027;0;1;0;1.0;0.0;1.0;13.0;A01
201100035039;0;1;0;0.0;2.0;0.0;1.0;B01
201100035052;0;1;0;0.0;2.0;1.0;19.0;B01
201100035061;0;1;0;0.0;0.0;8.0;13.0;B01
201100035069;0;1;0;0.0;2.0;7.0;9.0;B01
201100035075;0;1;0;0.0;1.0;1.0;1.0;B01
201100035076;0;1;0;0.0;2.0;1.0;1.0;A01
201100035090;0;1;0;0.0;2.0;4.0;1.0;A01
201100035100;0;1;0;0.0;2.0;4.0;1.0;A01
201100035107;0;1;0;0.0;2.0;0.0;1.0;A01
201100035122;0;1;0;13.0;0.0;1.0;0.0;A01
201100035129;0;1;0;0.0;2.0;4.0;16.0;A01
201100035131;0;1;0;0.0;2.0;7.0;1.0;A01
201100035137;0;1;0;0.0;2.0;7.0;19.0;A01
201100035140;0;1;0;1.0;0.0;1.0;1.0;B01
201100035141;0;1;0;0.0;2.0;0.0;1.0;B01
201100035142;0;1;0;0.0;2.0;0.0;0.0;B01
201100035146;0;1;0;0.0;2.0;1.0;15.0;B01
201100035159;0;1;0;0.0;2.0;8.0;1.0;B01
201100035169;0;1;0;0.0;2.0;3.0;19.0;A01
201100035175;0;1;0;0.0;2.0;4.0;1.0;B01
201100035180;0;1;0;0.0;2.0;0.0;2.0;B01
201100035215;0;1;0;0.0;2.0;6.0;1.0;B01
201100035216;0;1;0;0.0;2.0;7.0;19.0;B01
201100035234;0;1;0;0.0;2.0;1.0;1.0;B01
201100035257;0;1;0;0.0;1.0;1.0;1.0;A01
201100035262;0;1;0;0.0;2.0;1.0;0.0;B01
201100035263;0;1;0;0.0;2.0;1.0;1.0;B01
201100035264;0;1;0;0.0;2.0;1.0;1.0;B01
201100035276;0;1;0;0.0;2.0;4.0;1.0;B01
201100035293;0;1;0;0.0;2.0;1.0;1.0;A01
201100035313;0;1;0;0.0;2.0;1.0;1.0;A01
201100035323;0;1;0;1.0;0.0;1.0;1.0;B01
201100035331;0;1;0;1.0;0.0;1.0;1.0;C01
201100035331;0;1;0;1.0;0.0;1.0;1.0;B01
201100035345;0;1;0;0.0;2.0;1.0;1.0;B01
201100035356;0;1;0;0.0;2.0;1.0;17.0;B01
201100035359;0;1;0;0.0;2.0;1.0;1.0;B01
201100035361;0;1;0;0.0;2.0;8.0;1.0;B01
201100035365;0;1;0;0.0;2.0;7.0;19.0;A01
201100035366;0;1;0;0.0;2.0;1.0;2.0;B01
201100035367;1;1;0;0.0;0.0;0.0;1.0;B01
201100035380;0;1;0;0.0;2.0;1.0;15.0;B01
201100035392;0;1;0;1.0;2.0;0.0;1.0;B01
201100035402;0;1;0;0.0;2.0;1.0;1.0;A01
201100035406;0;1;0;1.0;0.0;1.0;1.0;B01
201100035412;0;1;0;0.0;2.0;2.0;15.0;A01
201100035414;0;1;0;1.0;2.0;1.0;0.0;A01
201100035418;0;1;0;0.0;2.0;4.0;0.0;B01
201100035423;0;1;0;0.0;2.0;1.0;0.0;B01
201100035434;0;1;0;0.0;2.0;1.0;1.0;B01
201100035435;0;1;0;1.0;0.0;1.0;1.0;B01
201100035435;0;1;0;0.0;2.0;1.0;23.0;A01
201100035440;0;1;0;0.0;2.0;8.0;19.0;B01
201100035445;0;1;0;0.0;2.0;1.0;1.0;B01
201100035464;0;1;0;0.0;2.0;1.0;1.0;B01
201100035482;0;1;0;0.0;2.0;1.0;1.0;A01
201100035485;0;1;0;0.0;2.0;1.0;1.0;B01
201100035490;0;1;0;0.0;2.0;1.0;19.0;A01
201100035494;0;1;0;0.0;2.0;7.0;1.0;B01
201100035504;0;1;0;0.0;0.0;4.0;2.0;B01
201100035508;0;1;0;0.0;2.0;1.0;2.0;A01
201100035512;0;1;0;0.0;2.0;0.0;2.0;B01
201100035521;0;1;0;0.0;2.0;1.0;1.0;A01
201100035527;0;1;0;0.0;2.0;8.0;1.0;B01
201100035529;0;1;0;0.0;2.0;0.0;1.0;B01
201100035548;0;1;0;0.0;2.0;1.0;1.0;B01
201100035557;0;1;0;0.0;2.0;6.0;5.0;B01
201100035569;0;1;0;0.0;2.0;8.0;1.0;B01
201100035591;0;1;0;0.0;2.0;1.0;15.0;A01
201100035604;0;1;0;0.0;0.0;1.0;1.0;B01
201100035606;0;1;0;0.0;2.0;1.0;1.0;B01
201100035611;0;1;0;0.0;2.0;7.0;1.0;B01
201100035622;0;1;0;0.0;2.0;1.0;1.0;B01
201100035635;0;1;0;1.0;0.0;1.0;1.0;B01
201100035637;0;1;0;0.0;2.0;1.0;16.0;A01
201100035643;0;1;0;0.0;2.0;1.0;1.0;B01
201100035650;0;1;0;0.0;2.0;8.0;19.0;B01
201100035652;0;1;0;0.0;2.0;1.0;1.0;B01
201100035664;0;1;0;0.0;2.0;1.0;0.0;A01
201100035669;0;1;0;0.0;2.0;1.0;1.0;B01
201100035673;0;1;0;0.0;2.0;1.0;0.0;B01
201100035675;0;1;0;0.0;2.0;0.0;1.0;B01
201100035696;0;1;0;0.0;2.0;1.0;1.0;B01
201100035698;2;1;0;0.0;2.0;1.0;1.0;B01
201100035708;0;1;0;0.0;2.0;1.0;1.0;A01
201100035711;0;1;0;0.0;2.0;4.0;1.0;B01
201100035718;0;1;0;0.0;2.0;8.0;19.0;B01
201100035726;0;1;0;0.0;2.0;1.0;5.0;A01
201100035732;0;1;0;1.0;2.0;7.0;1.0;A01
201100035755;0;1;0;0.0;2.0;1.0;15.0;B01
201100035815;0;1;0;0.0;2.0;7.0;2.0;B01
201100035821;0;1;0;0.0;2.0;3.0;2.0;B01
201100035824;0;1;0;0.0;1.0;1.0;1.0;A01
201100035824;0;1;0;0.0;0.0;0.0;1.0;B01
201100035883;0;1;0;0.0;2.0;8.0;1.0;A01
201100035887;0;1;0;0.0;0.0;7.0;1.0;B01
201100035893;0;1;0;0.0;2.0;3.0;1.0;A01
201100035899;0;1;0;0.0;2.0;8.0;16.0;A01
201100035909;0;1;0;0.0;2.0;2.0;1.0;A01
201100035913;0;1;0;0.0;2.0;1.0;5.0;A01
201100035947;0;1;0;0.0;2.0;2.0;1.0;B01
201100035950;0;1;0;0.0;2.0;8.0;16.0;A01
201100035953;0;1;0;0.0;2.0;4.0;2.0;A01
201100035968;0;1;0;0.0;2.0;4.0;1.0;A01
201100035994;0;1;0;0.0;2.0;4.0;2.0;B01
201100036003;0;1;0;0.0;2.0;1.0;15.0;A01
201100036023;0;1;0;0.0;2.0;1.0;15.0;A01
201100036029;0;1;0;0.0;2.0;3.0;11.0;A01
201100036030;0;1;0;0.0;2.0;2.0;1.0;B01
201100036034;0;1;0;0.0;2.0;8.0;19.0;B01
201100036035;0;1;0;0.0;2.0;1.0;19.0;B01
201100036040;0;1;0;1.0;0.0;1.0;1.0;B01
201100036041;0;1;0;0.0;0.0;8.0;19.0;A01
201100036049;0;1;0;0.0;2.0;1.0;1.0;B01
201100036066;0;1;0;0.0;2.0;4.0;19.0;B01
201100036067;0;1;0;0.0;2.0;7.0;19.0;B01
201100036079;0;1;0;0.0;2.0;1.0;1.0;A01
201100036114;0;1;0;0.0;2.0;8.0;9.0;A01
201100036116;0;1;0;0.0;2.0;4.0;1.0;B01
201100036131;0;1;0;0.0;2.0;0.0;0.0;B01
201100036137;0;1;0;0.0;2.0;1.0;2.0;B01
201100036140;0;1;0;0.0;2.0;7.0;1.0;B01
201100036177;0;1;0;0.0;2.0;1.0;1.0;B01
201100036196;0;1;0;0.0;2.0;2.0;19.0;B01
201100036199;0;1;0;0.0;2.0;7.0;5.0;B01
201100036205;0;1;0;0.0;1.0;0.0;1.0;A01
201100036207;0;1;0;0.0;2.0;7.0;11.0;A01
201100036217;0;1;0;0.0;2.0;1.0;1.0;A01
201100036225;0;1;0;0.0;0.0;1.0;1.0;A01
201100036234;0;1;0;1.0;0.0;1.0;2.0;A01
201100036238;0;1;0;0.0;0.0;4.0;11.0;B01
201100036262;0;1;0;0.0;2.0;8.0;1.0;B01
201100036272;0;1;0;0.0;2.0;7.0;1.0;A01
201100036273;0;1;0;0.0;2.0;1.0;0.0;B01
201100036276;0;1;0;0.0;2.0;8.0;2.0;B01
201100036279;0;1;0;0.0;2.0;8.0;15.0;B01
201100036291;0;1;0;0.0;2.0;1.0;2.0;B01
201100036299;0;1;0;0.0;0.0;0.0;0.0;B01
201100036315;0;1;0;0.0;2.0;7.0;1.0;B01
201100036320;0;1;0;0.0;0.0;0.0;0.0;A01
201100036356;0;1;0;0.0;2.0;3.0;23.0;B01
201100036362;0;1;0;0.0;2.0;4.0;1.0;B01
201100036378;0;1;0;0.0;2.0;8.0;19.0;B01
201100036384;0;1;0;1.0;0.0;1.0;1.0;B01
201100036389;0;1;0;0.0;1.0;1.0;1.0;A01
201100036391;0;1;0;0.0;2.0;0.0;0.0;B01
201100036398;0;1;0;0.0;2.0;1.0;1.0;B01
201100036406;0;1;0;0.0;2.0;0.0;0.0;A01
201100036408;0;1;0;0.0;2.0;4.0;0.0;B01
201100036413;0;1;0;1.0;2.0;1.0;19.0;A01
201100036416;0;1;0;0.0;2.0;8.0;1.0;B01