Num_Acc;senc;catv;occutc;obs;obsm;choc;manv;num_veh
201100036431;0;1;0;0.0;2.0;1.0;1.0;A01
201100036453;0;1;0;0.0;2.0;1.0;0.0;B01
201100036457;0;1;0;0.0;2.0;8.0;19.0;B01
201100036469;0;1;0;0.0;2.0;4.0;1.0;B01
201100036473;0;1;0;0.0;2.0;0.0;9.0;B01
201100036476;0;1;0;0.0;2.0;1.0;17.0;B01
201100036480;0;1;0;0.0;2.0;8.0;1.0;B01
201100036482;0;1;0;1.0;0.0;1.0;1.0;B01
201100036496;0;1;0;0.0;2.0;7.0;1.0;B01
201100036497;1;1;0;0.0;1.0;1.0;1.0;A01
201100036498;0;1;0;0.0;2.0;0.0;0.0;B01
201100036503;0;1;0;0.0;0.0;0.0;1.0;A01
201100036541;0;1;0;0.0;2.0;4.0;1.0;A01
201100036544;0;1;0;0.0;2.0;1.0;19.0;B01
201100036548;0;1;0;0.0;2.0;3.0;19.0;B01
201100036560;0;1;0;0.0;2.0;1.0;0.0;B01
201100036573;0;1;0;0.0;2.0;3.0;19.0;B01
201100036585;0;1;0;0.0;2.0;8.0;15.0;A01
201100036593;0;1;0;0.0;2.0;4.0;1.0;B01
201100036604;0;1;0;0.0;0.0;8.0;19.0;B01
201100036641;0;1;0;7.0;0.0;1.0;15.0;A01
201100036643;0;1;0;0.0;2.0;7.0;1.0;B01
201100036654;0;1;0;0.0;2.0;1.0;5.0;B01
201100036673;0;1;0;0.0;2.0;0.0;1.0;A01
201100036677;0;1;0;1.0;0.0;1.0;1.0;A01
201100036687;0;1;0;0.0;0.0;1.0;24.0;B01
201100036694;0;1;0;0.0;2.0;2.0;10.0;A01
201100036706;0;1;0;0.0;0.0;1.0;1.0;A01
201100036708;0;1;0;0.0;2.0;1.0;15.0;B01
201100036711;0;1;0;0.0;2.0;4.0;19.0;B01
201100036713;0;1;0;0.0;2.0;1.0;16.0;B01
201100036720;0;1;0;0.0;0.0;0.0;0.0;A01
201100036735;0;1;0;0.0;2.0;4.0;1.0;B01
201100036787;0;1;0;0.0;2.0;1.0;0.0;A01
201100036823;0;1;0;0.0;2.0;8.0;1.0;A01
201100036824;0;1;0;0.0;2.0;1.0;0.0;B01
201100036825;0;1;0;0.0;2.0;0.0;0.0;B01
201100036826;0;1;0;0.0;2.0;8.0;15.0;B01
201100036838;0;1;0;0.0;2.0;1.0;1.0;A01
201100036841;0;1;0;0.0;0.0;4.0;2.0;A01
201100036857;0;1;0;0.0;2.0;1.0;14.0;A01
201100036869;0;1;0;0.0;2.0;4.0;9.0;A01
201100036877;0;1;0;0.0;2.0;0.0;1.0;B01
201100036881;0;1;0;0.0;2.0;8.0;15.0;B01
201100036882;0;1;0;0.0;2.0;8.0;1.0;B01
201100036883;0;1;0;0.0;2.0;8.0;1.0;A01
201100036886;0;1;0;0.0;2.0;1.0;1.0;B01
201100036895;1;1;0;0.0;2.0;1.0;1.0;A01
201100036922;0;1;0;0.0;2.0;7.0;1.0;B01
201100036924;0;1;0;0.0;2.0;7.0;1.0;B01
201100036926;0;1;0;0.0;2.0;1.0;9.0;A01
201100036957;0;1;0;0.0;2.0;1.0;1.0;B01
201100036961;0;1;0;0.0;2.0;1.0;0.0;B01
201100036976;0;1;0;0.0;2.0;8.0;1.0;B01
201100036992;0;1;0;0.0;2.0;4.0;13.0;B01
201100037016;0;1;0;0.0;2.0;1.0;5.0;A01
201100037024;0;1;0;0.0;2.0;1.0;9.0;A01
201100037027;0;1;0;0.0;2.0;8.0;0.0;B01
201100037033;0;1;0;0.0;2.0;1.0;18.0;B01
201100037068;0;1;0;0.0;2.0;1.0;15.0;B01
201100037084;0;1;0;0.0;0.0;2.0;16.0;A01
201100037095;0;1;0;0.0;0.0;0.0;15.0;A01
201100037096;0;1;0;0.0;2.0;4.0;1.0;B01
201100037098;0;1;0;1.0;0.0;1.0;9.0;B01
201100037099;0;1;0;0.0;1.0;1.0;1.0;A01
201100037123;0;1;0;0.0;2.0;1.0;1.0;A01
201100037129;0;1;0;0.0;2.0;0.0;19.0;B01
201100037135;0;1;0;0.0;2.0;1.0;1.0;B01
201100037148;0;1;0;0.0;2.0;0.0;0.0;B01
201100037157;0;1;0;0.0;2.0;1.0;1.0;A01
201100037167;0;1;0;0.0;2.0;0.0;0.0;A01
201100037170;0;1;0;0.0;2.0;8.0;1.0;B01
201100037239;0;1;0;0.0;2.0;0.0;1.0;B01
201100037246;0;1;0;0.0;2.0;4.0;0.0;B01
201100037249;0;1;0;0.0;0.0;4.0;1.0;B01
201100037278;0;1;0;0.0;2.0;1.0;1.0;B01
201100037287;0;1;0;0.0;2.0;1.0;19.0;A01
201100037293;0;1;0;0.0;2.0;8.0;1.0;B01
201100037305;1;1;0;0.0;1.0;1.0;1.0;Z01
201100037326;0;1;0;0.0;2.0;1.0;13.0;B01
201100037340;0;1;0;0.0;0.0;0.0;0.0;B01
201100037363;0;1;0;0.0;0.0;0.0;1.0;B01
201100037364;0;1;0;0.0;2.0;1.0;1.0;B01
201100037377;0;1;0;0.0;2.0;3.0;13.0;A01
201100037394;0;1;0;0.0;2.0;0.0;1.0;B01
201100037397;0;1;0;0.0;2.0;0.0;0.0;A01
201100037469;0;1;0;0.0;2.0;0.0;19.0;B01
201100037470;0;1;0;1.0;0.0;1.0;1.0;B01
201100037485;0;1;0;0.0;2.0;1.0;1.0;B01
201100037501;0;1;0;0.0;2.0;2.0;1.0;B01
201100037519;0;1;0;0.0;2.0;0.0;1.0;B01
201100037523;0;1;0;0.0;0.0;0.0;0.0;A01
201100037538;0;1;0;0.0;2.0;1.0;1.0;B01
201100037539;0;1;0;0.0;2.0;1.0;0.0;A01
201100037543;0;1;0;0.0;2.0;1.0;0.0;A01
201100037547;0;1;0;0.0;2.0;0.0;0.0;A01
201100037551;0;1;0;0.0;2.0;1.0;0.0;B01
201100037557;0;1;0;0.0;2.0;0.0;0.0;B01
201100037608;0;1;0;16.0;0.0;0.0;0.0;A01
201100037627;0;1;0;0.0;2.0;1.0;1.0;B01
201100037650;0;1;0;0.0;2.0;2.0;17.0;A01
201100037668;0;1;0;0.0;2.0;1.0;1.0;B01
201100037680;0;1;0;0.0;2.0;1.0;2.0;B01
201100037683;0;1;0;0.0;1.0;1.0;7.0;A01
201100037738;0;1;0;0.0;2.0;4.0;2.0;B01
201100037752;0;1;0;0.0;0.0;0.0;0.0;A01
201100037765;0;1;0;0.0;0.0;0.0;0.0;A01
201100037787;0;1;0;0.0;2.0;0.0;0.0;A01
201100037808;0;1;0;0.0;2.0;0.0;0.0;B01
201100037810;0;1;0;0.0;2.0;0.0;0.0;B01
201100037813;0;1;0;0.0;2.0;8.0;0.0;B01
201100037854;0;1;0;0.0;2.0;4.0;2.0;B01
201100037864;0;1;0;0.0;2.0;4.0;1.0;B01
201100037911;0;1;0;0.0;2.0;1.0;1.0;B01
201100037943;0;1;0;0.0;2.0;1.0;13.0;A01
201100037945;0;1;0;0.0;2.0;1.0;1.0;B01
201100037958;0;1;0;0.0;2.0;1.0;1.0;B01
201100037961;0;1;0;0.0;2.0;1.0;1.0;B01
201100037967;0;1;0;0.0;2.0;7.0;15.0;A01
201100037999;0;1;0;0.0;2.0;4.0;1.0;B01
201100038013;0;1;0;0.0;2.0;6.0;15.0;A01
201100038027;0;1;0;0.0;0.0;0.0;0.0;B01
201100038036;0;1;0;0.0;2.0;7.0;19.0;A01
201100038041;0;1;0;1.0;2.0;8.0;1.0;B01
201100038045;0;1;0;0.0;2.0;7.0;16.0;B01
201100038055;0;1;0;0.0;2.0;8.0;19.0;A01
201100038060;0;1;0;0.0;2.0;1.0;1.0;A01
201100038080;0;1;0;0.0;2.0;0.0;1.0;B01
201100038086;0;1;0;0.0;2.0;1.0;5.0;A01
201100038089;0;1;0;0.0;2.0;1.0;5.0;A01
201100038118;0;1;0;0.0;2.0;8.0;2.0;B01
201100038119;0;1;0;0.0;2.0;7.0;1.0;B01
201100038146;0;1;0;0.0;2.0;0.0;1.0;B01
201100038149;0;1;0;0.0;2.0;1.0;1.0;A01
201100038162;0;1;0;0.0;2.0;8.0;15.0;A01
201100038165;0;1;0;0.0;2.0;8.0;1.0;B01
201100038166;0;1;0;0.0;2.0;4.0;1.0;B01
201100038175;0;1;0;0.0;2.0;2.0;1.0;B01
201100038183;0;1;0;0.0;2.0;1.0;1.0;B01
201100038190;0;1;0;0.0;2.0;3.0;12.0;B01
201100038195;0;1;0;0.0;2.0;1.0;1.0;B01
201100038211;0;1;0;0.0;2.0;1.0;5.0;B01
201100038246;0;1;0;0.0;2.0;2.0;1.0;B01
201100038259;0;1;0;0.0;2.0;7.0;1.0;B01
201100038268;0;1;0;0.0;2.0;1.0;1.0;B01
201100038273;0;1;0;0.0;2.0;1.0;1.0;B01
201100038286;0;1;0;0.0;2.0;4.0;1.0;B01
201100038292;0;1;0;0.0;2.0;1.0;1.0;B01
201100038302;0;1;0;0.0;2.0;8.0;19.0;B01
201100038326;0;1;0;0.0;2.0;1.0;1.0;A01
201100038332;0;1;0;0.0;2.0;1.0;2.0;A01
201100038333;0;1;0;0.0;2.0;1.0;3.0;B01
201100038348;0;1;0;1.0;0.0;1.0;1.0;B01
201100038360;0;1;0;0.0;2.0;0.0;1.0;B01
201100038362;0;1;0;0.0;2.0;1.0;1.0;B01
201100038435;0;1;0;0.0;2.0;1.0;18.0;B01
201100038455;0;1;0;0.0;0.0;4.0;2.0;B01
201100038459;0;1;0;0.0;2.0;1.0;0.0;B01
201100038478;0;1;0;0.0;0.0;8.0;16.0;B01
201100038479;0;1;0;0.0;2.0;7.0;1.0;B01
201100038485;0;1;0;0.0;2.0;0.0;16.0;B01
201100038490;0;1;0;0.0;2.0;8.0;2.0;B01
201100038493;0;1;0;0.0;2.0;7.0;2.0;B01
201100038497;0;1;0;0.0;2.0;4.0;2.0;B01
201100038503;0;1;0;0.0;2.0;7.0;1.0;B01
201100038521;0;1;0;0.0;2.0;0.0;9.0;A01
201100038523;0;1;0;0.0;2.0;7.0;1.0;B01
201100038530;0;1;0;0.0;2.0;1.0;15.0;A01
201100038533;0;1;0;0.0;9.0;8.0;1.0;B01
201100038542;0;1;0;0.0;2.0;1.0;2.0;A01
201100038547;0;1;0;0.0;2.0;2.0;1.0;A01
201100038558;0;1;0;0.0;2.0;5.0;1.0;B01
201100038635;0;1;0;0.0;2.0;1.0;13.0;A01
201100038652;0;1;0;1.0;0.0;1.0;1.0;B01
201100038659;0;1;0;0.0;2.0;4.0;1.0;B01
201100038675;0;1;0;0.0;2.0;1.0;0.0;A01
201100038713;0;1;0;0.0;2.0;8.0;1.0;B01
201100038715;0;1;0;0.0;2.0;2.0;15.0;A01
201100038721;0;1;0;0.0;9.0;3.0;15.0;A01
201100038721;0;1;0;0.0;9.0;2.0;2.0;B01
201100038726;0;1;0;0.0;2.0;4.0;13.0;B01
201100038729;0;1;0;0.0;2.0;8.0;11.0;A01
201100038742;0;1;0;1.0;0.0;7.0;1.0;B01
201100038751;0;1;0;0.0;2.0;7.0;19.0;B01
201100038758;0;1;0;0.0;2.0;1.0;1.0;B01
201100038762;0;1;0;0.0;2.0;1.0;1.0;B01
201100038768;0;1;0;0.0;1.0;1.0;1.0;A01
201100038774;0;1;0;0.0;2.0;7.0;1.0;B01
201100038777;0;1;0;0.0;2.0;4.0;1.0;B01
201100038782;0;1;0;1.0;1.0;1.0;1.0;A01
201100038785;0;1;0;0.0;2.0;1.0;1.0;B01
201100038788;0;1;0;0.0;2.0;1.0;16.0;B01
201100038790;0;1;0;0.0;2.0;2.0;1.0;A01
201100038791;0;1;0;0.0;2.0;2.0;1.0;A01
201100038797;0;1;0;1.0;0.0;1.0;1.0;B01
201100038800;0;1;0;0.0;2.0;1.0;1.0;B01
201100038806;0;1;0;0.0;2.0;8.0;15.0;B01
201100038819;0;1;0;0.0;2.0;1.0;1.0;B01
201100038822;1;1;0;0.0;1.0;1.0;1.0;Z01
201100038835;0;1;0;0.0;2.0;2.0;1.0;B01
201100038842;0;1;0;0.0;2.0;4.0;1.0;B01
201100038848;0;1;0;0.0;2.0;1.0;16.0;B01
201100038850;0;1;0;0.0;4.0;3.0;23.0;A01
201100038857;0;1;0;0.0;2.0;2.0;1.0;A01
201100038858;0;1;0;0.0;2.0;8.0;19.0;C01
201100038860;0;1;0;0.0;1.0;1.0;1.0;A01
201100038866;0;1;0;1.0;0.0;1.0;1.0;B01
201100038869;0;1;0;0.0;1.0;1.0;1.0;B01
201100038873;0;1;0;0.0;1.0;1.0;1.0;A01
201100038874;0;1;0;0.0;2.0;1.0;13.0;A01
201100038876;0;1;0;0.0;2.0;1.0;1.0;B01
201100038879;0;1;0;0.0;2.0;1.0;1.0;A01
201100038888;0;1;0;0.0;1.0;1.0;1.0;A01
201100038898;0;1;0;0.0;2.0;1.0;1.0;B01
201100038901;0;1;0;0.0;2.0;8.0;1.0;B01
201100038903;0;1;0;0.0;2.0;7.0;1.0;B01
201100038908;0;1;0;0.0;1.0;1.0;1.0;A01
201100038909;0;1;0;0.0;2.0;1.0;1.0;B01
201100038910;0;1;0;0.0;2.0;2.0;1.0;B01
201100038911;0;1;0;0.0;2.0;1.0;5.0;A01
201100038911;0;1;0;0.0;2.0;1.0;1.0;B01
201100038914;0;1;0;0.0;2.0;7.0;15.0;A01
201100038918;0;1;0;0.0;2.0;1.0;19.0;B01
201100038921;0;1;0;0.0;2.0;1.0;1.0;B01
201100038923;0;1;0;0.0;2.0;2.0;1.0;B01
201100038928;0;1;0;0.0;2.0;1.0;1.0;B01
201100038931;0;1;0;0.0;2.0;7.0;19.0;B01
201100038933;0;1;0;0.0;2.0;1.0;1.0;B01
201100038938;0;1;0;0.0;2.0;8.0;19.0;B01
201100038945;0;1;0;0.0;2.0;1.0;19.0;B01
201100038946;0;1;0;0.0;2.0;1.0;18.0;B01
201100038948;0;1;0;0.0;2.0;1.0;1.0;A01
201100038954;0;1;0;0.0;1.0;1.0;1.0;A01
201100038956;0;1;0;0.0;2.0;0.0;19.0;A01
201100038957;0;1;0;0.0;1.0;1.0;1.0;A01
201100038960;0;1;0;0.0;4.0;1.0;0.0;A01
201100038961;0;1;0;1.0;0.0;1.0;1.0;B01
201100038963;0;1;0;0.0;2.0;1.0;1.0;A01
201100038963;0;1;0;0.0;2.0;1.0;1.0;B01
201100038966;0;1;0;15.0;0.0;1.0;1.0;B01
201100038968;0;1;0;0.0;2.0;7.0;19.0;B01
201100038970;0;1;0;0.0;2.0;8.0;1.0;B01
201100038971;0;1;0;0.0;2.0;7.0;1.0;A01
201100038973;0;1;0;1.0;2.0;1.0;1.0;A01
201100038974;0;1;0;0.0;2.0;1.0;1.0;B01
201100038975;0;1;0;0.0;2.0;1.0;1.0;A01
201100038976;0;1;0;0.0;2.0;1.0;1.0;B01
201100038977;0;1;0;0.0;2.0;1.0;1.0;B01
201100038984;0;1;0;0.0;1.0;1.0;1.0;A01
201100038985;0;1;0;0.0;2.0;1.0;9.0;B01
201100038987;0;1;0;0.0;2.0;1.0;19.0;A01
201100038994;0;1;0;0.0;2.0;3.0;1.0;A01
201100038997;0;1;0;0.0;4.0;1.0;19.0;A01
201100038999;0;1;0;0.0;2.0;1.0;13.0;A01
201100038999;0;1;0;0.0;2.0;1.0;1.0;B01
201100039000;0;1;0;0.0;1.0;1.0;1.0;A01
201100039007;0;1;0;0.0;1.0;1.0;1.0;A01
201100039009;0;1;0;0.0;2.0;7.0;1.0;A01
201100039017;0;1;0;0.0;0.0;0.0;0.0;B01
201100039023;1;1;0;0.0;1.0;1.0;1.0;Z01
201100039029;0;1;0;0.0;2.0;1.0;1.0;B01
201100039032;0;1;0;0.0;2.0;2.0;19.0;B01
201100039041;0;1;0;0.0;2.0;1.0;1.0;B01
201100039049;0;1;0;0.0;2.0;8.0;1.0;A01
201100039055;0;1;0;0.0;4.0;1.0;1.0;A01
201100039057;0;1;0;0.0;2.0;3.0;1.0;B01
201100039064;0;1;0;0.0;2.0;3.0;19.0;B01
201100039068;0;1;0;0.0;2.0;1.0;18.0;A01
201100039069;0;1;0;0.0;2.0;7.0;1.0;A01
201100039073;0;1;0;0.0;2.0;1.0;1.0;B01
201100039074;0;1;0;0.0;2.0;8.0;15.0;B01
201100039078;0;1;0;0.0;2.0;7.0;19.0;A01
201100039080;0;1;0;0.0;2.0;1.0;1.0;A01
201100039083;0;1;0;0.0;2.0;8.0;15.0;A01
201100039085;0;1;0;0.0;2.0;1.0;19.0;A01
201100039086;0;1;0;0.0;2.0;1.0;1.0;A01
201100039093;0;1;0;0.0;2.0;1.0;2.0;A01
201100039094;0;1;0;0.0;2.0;1.0;1.0;B01
201100039099;0;1;0;0.0;2.0;1.0;1.0;B01
201100039106;0;1;0;0.0;4.0;1.0;19.0;A01
201100039110;0;1;0;0.0;2.0;8.0;16.0;B01
201100039111;0;1;0;1.0;0.0;1.0;5.0;B01
201100039113;0;1;0;1.0;0.0;1.0;1.0;B01
201100039116;0;1;0;0.0;2.0;8.0;1.0;B01
201100039118;0;1;0;0.0;2.0;1.0;1.0;B01
201100039120;0;1;0;1.0;0.0;1.0;1.0;B01
201100039122;0;1;0;0.0;2.0;1.0;1.0;B01
201100039127;0;1;0;0.0;2.0;1.0;1.0;B01
201100039129;0;1;0;0.0;2.0;1.0;19.0;A01
201100039141;0;1;0;0.0;2.0;7.0;19.0;B01
201100039144;0;1;0;0.0;2.0;1.0;5.0;A01
201100039164;0;1;0;0.0;2.0;1.0;19.0;A01
201100039165;0;1;0;0.0;1.0;1.0;1.0;A01
201100039166;0;1;0;0.0;2.0;1.0;13.0;A01
201100039166;0;1;0;0.0;2.0;1.0;1.0;B01
201100039167;0;1;0;0.0;2.0;1.0;19.0;B01
201100039185;0;1;0;0.0;1.0;1.0;1.0;A01
201100039188;0;1;0;0.0;2.0;1.0;21.0;A01
201100039197;0;1;0;0.0;2.0;1.0;1.0;A01
201100039207;0;1;0;0.0;2.0;1.0;19.0;A01
201100039208;2;1;0;0.0;2.0;1.0;1.0;B01
201100039213;0;1;0;0.0;2.0;1.0;1.0;B01
201100039216;0;1;0;0.0;0.0;7.0;1.0;A01
201100039218;0;1;0;0.0;2.0;1.0;1.0;A01
201100039219;0;1;0;0.0;2.0;1.0;1.0;B01
201100039226;0;1;0;0.0;2.0;1.0;1.0;A01
201100039229;0;1;0;0.0;2.0;7.0;19.0;A01
201100039243;0;1;0;1.0;0.0;1.0;1.0;B01
201100039245;0;1;0;0.0;2.0;1.0;16.0;B01
201100039246;0;1;0;0.0;2.0;4.0;1.0;B01
201100039254;0;1;0;0.0;2.0;8.0;1.0;A01
201100039267;1;1;0;0.0;1.0;1.0;15.0;Y01
201100039269;0;1;0;0.0;2.0;1.0;1.0;B01
201100039271;0;1;0;0.0;2.0;6.0;19.0;B01
201100039272;0;1;0;0.0;2.0;1.0;5.0;B01
201100039273;0;1;0;0.0;2.0;1.0;19.0;B01
201100039279;0;1;0;0.0;2.0;1.0;19.0;B01
201100039283;0;1;0;0.0;2.0;1.0;1.0;B01
201100039297;0;1;0;0.0;2.0;8.0;1.0;B01
201100039304;0;1;0;0.0;2.0;1.0;19.0;B01
201100039309;0;1;0;0.0;2.0;4.0;11.0;B01
201100039313;0;1;0;0.0;0.0;5.0;2.0;A02
201100039314;0;1;0;0.0;2.0;7.0;19.0;B01
201100039317;0;1;0;0.0;2.0;1.0;1.0;A01
201100039318;0;1;0;0.0;2.0;8.0;19.0;B01
201100039321;0;1;0;0.0;2.0;1.0;19.0;B01
201100039334;0;1;0;0.0;0.0;1.0;0.0;A01
201100039344;0;1;0;0.0;9.0;7.0;1.0;B01
201100039357;0;1;0;0.0;0.0;7.0;19.0;B01
201100039361;0;1;0;0.0;2.0;8.0;19.0;B01
201100039363;0;1;0;0.0;2.0;1.0;1.0;B01
201100039368;0;1;0;0.0;2.0;3.0;15.0;B01
201100039374;0;1;0;0.0;2.0;8.0;9.0;B01
201100039376;0;1;0;0.0;0.0;0.0;0.0;B01
201100039390;0;1;0;0.0;2.0;1.0;1.0;B01
201100039398;0;1;0;0.0;4.0;1.0;1.0;A01
201100039399;0;1;0;0.0;2.0;1.0;1.0;A01
201100039404;0;1;0;0.0;2.0;1.0;0.0;B01
201100039407;0;1;0;0.0;2.0;8.0;19.0;A01
201100039409;0;1;0;0.0;2.0;4.0;11.0;B01
201100039412;0;1;0;0.0;2.0;1.0;19.0;A01
201100039422;0;1;0;0.0;2.0;1.0;1.0;B01
201100039424;0;1;0;0.0;2.0;4.0;2.0;B01
201100039430;0;1;0;0.0;2.0;1.0;1.0;B01
201100039434;0;1;0;0.0;2.0;8.0;19.0;B01
201100039439;0;1;0;0.0;2.0;8.0;15.0;B01
201100039441;0;1;0;0.0;2.0;2.0;1.0;B01
201100039445;0;1;0;0.0;1.0;1.0;1.0;A01
201100039448;0;1;0;0.0;2.0;1.0;1.0;B01
201100039449;0;1;0;0.0;2.0;8.0;19.0;B01
201100039461;0;1;0;0.0;0.0;8.0;0.0;B01
201100039480;0;1;0;0.0;2.0;8.0;1.0;B01
201100039502;0;1;0;0.0;2.0;7.0;18.0;A01
201100039520;0;1;0;0.0;2.0;1.0;1.0;B01
201100039539;0;1;0;0.0;2.0;8.0;19.0;B01
201100039550;0;1;0;0.0;2.0;1.0;1.0;A01
201100039556;0;1;0;0.0;2.0;1.0;19.0;A01
201100039561;0;1;0;0.0;2.0;1.0;1.0;B01
201100039599;0;1;0;1.0;0.0;1.0;1.0;B01
201100039633;0;1;0;0.0;2.0;0.0;0.0;B01
201100039648;0;1;0;0.0;2.0;8.0;19.0;A01
201100039703;0;1;0;0.0;2.0;1.0;13.0;A01
201100039709;0;1;0;0.0;2.0;1.0;13.0;A01
201100039714;0;1;0;0.0;2.0;1.0;0.0;A01
201100039717;0;1;0;0.0;2.0;1.0;1.0;A01
201100039724;0;1;0;0.0;2.0;1.0;0.0;B01
201100039760;0;1;0;0.0;2.0;1.0;1.0;B01
201100039801;0;1;0;0.0;2.0;1.0;21.0;B01
201100039813;0;1;0;0.0;9.0;7.0;15.0;B01
201100039816;0;1;0;0.0;2.0;8.0;0.0;B01
201100039817;0;1;0;2.0;2.0;3.0;18.0;A01
201100039858;0;1;0;0.0;2.0;1.0;5.0;B01
201100039865;0;1;0;0.0;0.0;0.0;1.0;B01
201100039870;0;1;0;0.0;2.0;1.0;1.0;C01
201100039926;0;1;0;0.0;2.0;8.0;2.0;B01
201100039947;0;1;0;0.0;2.0;0.0;15.0;B01
201100039958;0;1;0;0.0;2.0;0.0;1.0;B01
201100039977;0;1;0;0.0;2.0;0.0;19.0;B01
201100040012;0;1;0;0.0;2.0;8.0;13.0;A01
201100040018;0;1;0;0.0;2.0;3.0;1.0;B01
201100040021;0;1;0;0.0;2.0;8.0;1.0;A01
201100040030;0;1;0;0.0;2.0;5.0;0.0;B01
201100040035;0;1;0;0.0;2.0;1.0;19.0;A01
201100040040;0;1;0;0.0;0.0;7.0;15.0;B01
201100040054;0;1;0;0.0;2.0;7.0;1.0;B01
201100040058;0;1;0;0.0;2.0;1.0;9.0;B01
201100040059;0;1;0;0.0;2.0;1.0;1.0;B01
201100040064;0;1;0;0.0;2.0;6.0;15.0;B01
201100040067;0;1;0;0.0;0.0;2.0;1.0;B01
201100040090;0;1;0;0.0;2.0;1.0;1.0;B01
201100040097;0;1;0;0.0;2.0;4.0;1.0;B01
201100040118;0;1;0;13.0;0.0;1.0;13.0;A01
201100040120;0;1;0;0.0;2.0;1.0;1.0;A01
201100040133;0;1;0;0.0;0.0;7.0;1.0;B01
201100040165;0;1;0;0.0;2.0;1.0;1.0;B01
201100040176;0;1;0;0.0;2.0;1.0;1.0;A01
201100040184;0;1;0;0.0;0.0;4.0;1.0;B01
201100040211;0;1;0;0.0;0.0;7.0;1.0;B01
201100040227;0;1;0;0.0;2.0;1.0;2.0;A01
201100040240;0;1;0;0.0;2.0;1.0;1.0;A01
201100040246;0;1;0;0.0;0.0;4.0;1.0;B01
201100040260;0;1;0;0.0;2.0;1.0;1.0;B01
201100040265;0;1;0;0.0;2.0;1.0;1.0;A01
201100040269;0;1;0;1.0;0.0;1.0;1.0;B01
201100040275;0;1;0;0.0;1.0;1.0;1.0;A01
201100040284;0;1;0;0.0;2.0;1.0;1.0;B01
201100040289;0;1;0;0.0;0.0;7.0;1.0;B01
201100040299;0;1;0;0.0;0.0;8.0;1.0;B01
201100040337;0;1;0;0.0;0.0;8.0;15.0;B01
201100040339;0;1;0;0.0;2.0;8.0;1.0;B01
201100040351;0;1;0;0.0;2.0;4.0;1.0;B01
201100040354;0;1;0;0.0;2.0;1.0;19.0;B01
201100040364;0;1;0;0.0;0.0;4.0;1.0;B01
201100040379;0;1;0;0.0;2.0;1.0;1.0;A01
201100040391;0;1;0;0.0;2.0;1.0;1.0;B01
201100040404;0;1;0;16.0;0.0;8.0;21.0;B01
201100040435;0;1;0;0.0;2.0;8.0;2.0;B01
201100040464;0;1;0;0.0;2.0;8.0;15.0;B01
201100040465;0;1;0;1.0;0.0;1.0;1.0;B01
201100040477;0;1;0;0.0;2.0;1.0;2.0;A01
201100040487;0;1;0;0.0;2.0;8.0;11.0;A01
201100040489;0;1;0;0.0;2.0;1.0;1.0;B01
201100040490;0;1;0;0.0;9.0;8.0;15.0;A01
201100040490;0;1;0;0.0;9.0;1.0;1.0;B01
201100040494;0;1;0;0.0;2.0;7.0;1.0;B02
201100040505;0;1;0;0.0;2.0;1.0;2.0;A01
201100040505;0;1;0;0.0;2.0;8.0;0.0;B01
201100040506;0;1;0;0.0;5.0;1.0;0.0;A01
201100040518;0;1;0;0.0;0.0;1.0;1.0;B01
201100040523;0;1;0;0.0;0.0;1.0;16.0;B01
201100040528;0;1;0;0.0;0.0;1.0;0.0;B01
201100040529;0;1;0;0.0;0.0;1.0;19.0;B01
201100040544;0;1;0;0.0;2.0;0.0;0.0;A01
201100040562;0;1;0;0.0;2.0;4.0;16.0;B01
201100040589;0;1;0;0.0;0.0;0.0;0.0;B01
201100040648;0;1;0;0.0;2.0;1.0;1.0;B01
201100040673;0;1;0;0.0;2.0;8.0;19.0;A01
201100040708;0;1;0;0.0;0.0;1.0;0.0;A01
201100040721;0;1;0;0.0;2.0;8.0;16.0;A01
201100040732;0;1;0;0.0;2.0;1.0;1.0;B01
201100040783;0;1;0;0.0;2.0;0.0;21.0;A01
201100040790;0;1;0;0.0;2.0;7.0;17.0;B01
201100040800;0;1;0;0.0;2.0;4.0;1.0;A01
201100040847;0;1;0;0.0;2.0;4.0;1.0;B01