Num_Acc;senc;catv;occutc;obs;obsm;choc;manv;num_veh
201100040856;0;1;0;0.0;2.0;0.0;1.0;B01
201100040864;0;1;0;0.0;2.0;1.0;17.0;B01
201100040872;0;1;0;0.0;2.0;4.0;1.0;A01
201100040896;0;1;0;0.0;0.0;7.0;1.0;A01
201100040937;0;1;0;0.0;2.0;2.0;15.0;A01
201100040979;0;1;0;0.0;2.0;4.0;1.0;B01
201100040980;0;1;0;0.0;2.0;4.0;0.0;B01
201100040982;0;1;0;0.0;2.0;1.0;1.0;B01
201100040991;0;1;0;0.0;2.0;0.0;1.0;A01
201100040998;0;1;0;0.0;2.0;3.0;15.0;A01
201100041017;0;1;0;0.0;2.0;4.0;1.0;B01
201100041085;0;1;0;0.0;2.0;9.0;2.0;A01
201100041089;0;1;0;0.0;2.0;1.0;1.0;B01
201100041089;0;1;0;0.0;2.0;8.0;1.0;C01
201100041104;0;1;0;0.0;2.0;8.0;15.0;A01
201100041119;0;1;0;1.0;2.0;0.0;19.0;A01
201100041122;0;1;0;0.0;2.0;1.0;2.0;A01
201100041153;0;1;0;0.0;2.0;1.0;19.0;B01
201100041162;0;1;0;0.0;2.0;0.0;1.0;B01
201100041164;0;1;0;0.0;2.0;8.0;1.0;B01
201100041258;0;1;0;0.0;2.0;1.0;0.0;A01
201100041263;0;1;0;0.0;2.0;1.0;1.0;B01
201100041286;0;1;0;0.0;0.0;8.0;9.0;A01
201100041290;0;1;0;0.0;2.0;5.0;1.0;B01
201100041297;0;1;0;12.0;0.0;1.0;1.0;A01
201100041309;0;1;0;1.0;0.0;1.0;2.0;A01
201100041315;0;1;0;0.0;2.0;7.0;0.0;A01
201100041328;0;1;0;0.0;0.0;4.0;2.0;B01
201100041368;0;1;0;0.0;2.0;4.0;2.0;B01
201100041376;0;1;0;0.0;2.0;4.0;16.0;A01
201100041377;0;1;0;6.0;2.0;1.0;19.0;A01
201100041382;0;1;0;0.0;0.0;4.0;2.0;B01
201100041385;0;1;0;0.0;2.0;2.0;19.0;A01
201100041420;0;1;0;0.0;2.0;4.0;2.0;B01
201100041427;0;1;0;0.0;0.0;4.0;2.0;B01
201100041470;0;1;0;0.0;0.0;1.0;1.0;B01
201100041475;0;1;0;0.0;0.0;0.0;1.0;A01
201100041496;0;1;0;0.0;2.0;1.0;1.0;B01
201100041520;0;1;0;0.0;2.0;1.0;0.0;A01
201100041530;0;1;0;0.0;2.0;1.0;1.0;A01
201100041530;0;1;0;0.0;2.0;1.0;1.0;B01
201100041543;0;1;0;0.0;0.0;1.0;1.0;B01
201100041566;0;1;0;0.0;2.0;8.0;15.0;B01
201100041576;0;1;0;0.0;2.0;1.0;19.0;B01
201100041603;0;1;0;13.0;0.0;0.0;1.0;A01
201100041613;0;1;0;0.0;2.0;0.0;1.0;B01
201100041620;0;1;0;0.0;2.0;3.0;19.0;B01
201100041625;0;1;0;0.0;2.0;0.0;1.0;A01
201100041638;0;1;0;0.0;2.0;6.0;19.0;B01
201100041656;0;1;0;0.0;2.0;8.0;19.0;B01
201100041661;0;1;0;0.0;2.0;1.0;15.0;B01
201100041666;0;1;0;0.0;2.0;7.0;1.0;A02
201100041679;0;1;0;0.0;2.0;1.0;0.0;B01
201100041707;0;1;0;0.0;2.0;8.0;19.0;B01
201100041741;0;1;0;0.0;2.0;1.0;21.0;B01
201100041746;0;1;0;0.0;0.0;8.0;19.0;A01
201100041747;0;1;0;0.0;2.0;1.0;18.0;B01
201100041812;0;1;0;0.0;2.0;1.0;1.0;A01
201100041813;0;1;0;0.0;2.0;1.0;19.0;A01
201100041832;0;1;0;12.0;0.0;0.0;21.0;B01
201100041849;0;1;0;0.0;2.0;2.0;9.0;A01
201100041863;0;1;0;0.0;0.0;0.0;0.0;B01
201100041868;0;1;0;0.0;0.0;8.0;21.0;B01
201100041872;0;1;0;1.0;2.0;7.0;2.0;B01
201100041879;0;1;0;0.0;2.0;1.0;1.0;B01
201100041881;0;1;0;0.0;2.0;1.0;0.0;B01
201100041884;0;1;0;0.0;2.0;0.0;2.0;B01
201100041904;0;1;0;0.0;2.0;1.0;11.0;A01
201100041914;0;1;0;0.0;2.0;0.0;19.0;A01
201100041917;0;1;0;0.0;0.0;0.0;0.0;B01
201100041941;0;1;0;0.0;0.0;4.0;1.0;B01
201100041987;0;1;0;0.0;2.0;8.0;0.0;B01
201100041996;0;1;0;0.0;2.0;1.0;1.0;B01
201100042017;0;1;0;0.0;0.0;0.0;0.0;B01
201100042037;0;1;0;0.0;2.0;7.0;19.0;B01
201100042089;0;1;0;0.0;2.0;0.0;0.0;B01
201100042096;0;1;0;0.0;0.0;1.0;14.0;A01
201100042111;0;1;0;0.0;2.0;7.0;19.0;B01
201100042152;0;1;0;0.0;2.0;1.0;13.0;A01
201100042154;0;1;0;0.0;2.0;1.0;15.0;A01
201100042155;0;1;0;0.0;2.0;4.0;2.0;B01
201100042165;0;1;0;0.0;2.0;0.0;2.0;A01
201100042171;0;1;0;0.0;2.0;7.0;9.0;B01
201100042179;0;1;0;0.0;2.0;0.0;0.0;B01
201100042182;0;1;0;8.0;0.0;8.0;2.0;B01
201100042194;0;1;0;0.0;2.0;1.0;0.0;B01
201100042215;0;1;0;0.0;2.0;1.0;5.0;A01
201100042239;0;1;0;0.0;2.0;1.0;19.0;A01
201100042241;0;1;0;0.0;2.0;8.0;19.0;A01
201100042266;0;1;0;0.0;2.0;7.0;1.0;B01
201100042282;0;1;0;0.0;2.0;8.0;1.0;B02
201100042288;0;1;0;0.0;2.0;1.0;1.0;B01
201100042291;0;1;0;0.0;2.0;8.0;19.0;B01
201100042311;0;1;0;0.0;2.0;1.0;5.0;A01
201100042340;0;1;0;0.0;2.0;1.0;5.0;B01
201100042347;0;1;0;0.0;2.0;8.0;1.0;B01
201100042369;0;1;0;0.0;1.0;1.0;1.0;A01
201100042395;0;1;0;0.0;2.0;1.0;1.0;B01
201100042406;0;1;0;0.0;2.0;1.0;1.0;B01
201100042407;0;1;0;0.0;1.0;1.0;1.0;A01
201100042408;0;1;0;0.0;2.0;1.0;2.0;A01
201100042433;0;1;0;0.0;2.0;4.0;13.0;B01
201100042439;0;1;0;0.0;1.0;1.0;1.0;A01
201100042452;0;1;0;0.0;2.0;1.0;19.0;B01
201100042474;0;1;0;0.0;0.0;0.0;0.0;A01
201100042485;0;1;0;0.0;2.0;4.0;0.0;B01
201100042495;0;1;0;0.0;2.0;1.0;1.0;B01
201100042500;0;1;0;0.0;2.0;7.0;15.0;A01
201100042520;0;1;0;0.0;2.0;1.0;6.0;B01
201100042526;0;1;0;0.0;1.0;1.0;0.0;A01
201100042538;0;1;0;0.0;2.0;3.0;15.0;A01
201100042609;0;1;0;0.0;2.0;1.0;5.0;A01
201100042625;0;1;0;0.0;2.0;0.0;19.0;B01
201100042639;0;1;0;0.0;2.0;1.0;0.0;B01
201100042660;0;1;0;0.0;2.0;1.0;1.0;A01
201100042666;0;1;0;0.0;2.0;1.0;1.0;B01
201100042669;0;1;0;0.0;2.0;1.0;10.0;A01
201100042671;0;1;0;0.0;0.0;0.0;1.0;B01
201100042678;0;1;0;0.0;2.0;0.0;19.0;B01
201100042679;0;1;0;0.0;2.0;1.0;1.0;A01
201100042682;0;1;0;0.0;2.0;1.0;1.0;A01
201100042696;0;1;0;0.0;2.0;7.0;1.0;B01
201100042742;0;1;0;0.0;2.0;4.0;1.0;B01
201100042746;0;1;0;0.0;2.0;1.0;1.0;A01
201100042749;0;1;0;1.0;0.0;1.0;1.0;A01
201100042767;0;1;0;1.0;2.0;3.0;1.0;B01
201100042773;0;1;0;1.0;2.0;4.0;8.0;B01
201100042778;0;1;0;1.0;0.0;1.0;1.0;B01
201100042781;0;1;0;0.0;1.0;1.0;1.0;A01
201100042788;0;1;0;0.0;2.0;8.0;1.0;B01
201100042801;0;1;0;0.0;2.0;2.0;15.0;A01
201100042812;0;1;0;0.0;2.0;1.0;1.0;A01
201100042813;0;1;0;0.0;2.0;1.0;1.0;A01
201100042820;0;1;0;0.0;2.0;7.0;1.0;B01
201100042822;0;1;0;0.0;2.0;3.0;15.0;B01
201100042830;0;1;0;0.0;2.0;4.0;1.0;B01
201100042840;0;1;0;0.0;2.0;0.0;1.0;B01
201100042846;0;1;0;0.0;2.0;0.0;0.0;A01
201100042862;0;1;0;0.0;2.0;1.0;1.0;B01
201100042864;0;1;0;0.0;2.0;1.0;0.0;A01
201100042869;0;1;0;0.0;0.0;1.0;1.0;A01
201100042919;0;1;0;12.0;2.0;4.0;1.0;B01
201100042948;0;1;0;0.0;2.0;1.0;0.0;B01
201100042960;0;1;0;0.0;2.0;7.0;0.0;B01
201100042970;0;1;0;0.0;2.0;1.0;16.0;A01
201100042975;0;1;0;0.0;0.0;5.0;1.0;B01
201100042979;0;1;0;0.0;0.0;6.0;15.0;B01
201100042981;0;1;0;0.0;2.0;0.0;21.0;B01
201100042992;0;1;0;0.0;2.0;1.0;1.0;B01
201100043004;0;1;0;0.0;2.0;8.0;1.0;B01
201100043025;0;1;0;0.0;2.0;1.0;1.0;B01
201100043027;0;1;0;1.0;0.0;1.0;2.0;A01
201100043035;0;1;0;0.0;2.0;7.0;2.0;A01
201100043052;0;1;0;12.0;2.0;1.0;1.0;A01
201100043071;0;1;0;0.0;2.0;8.0;11.0;B01
201100043133;0;1;0;9.0;0.0;1.0;1.0;A01
201100043162;0;1;0;0.0;2.0;6.0;0.0;B01
201100043186;0;1;0;12.0;0.0;1.0;18.0;A01
201100043187;0;1;0;0.0;2.0;1.0;5.0;B01
201100043196;0;1;0;0.0;1.0;1.0;2.0;A01
201100043198;0;1;0;0.0;2.0;8.0;0.0;B01
201100043207;0;1;0;0.0;2.0;4.0;9.0;B01
201100043210;0;1;0;0.0;2.0;8.0;8.0;A01
201100043211;0;1;0;12.0;0.0;1.0;0.0;A01
201100043227;0;1;0;0.0;2.0;3.0;15.0;B01
201100043277;0;1;0;0.0;2.0;1.0;3.0;A01
201100043281;0;1;0;0.0;2.0;2.0;9.0;B01
201100043311;0;1;0;0.0;2.0;1.0;1.0;B01
201100043337;0;1;0;0.0;0.0;0.0;0.0;B01
201100043343;0;1;0;0.0;2.0;1.0;13.0;A01
201100043345;0;1;0;1.0;0.0;1.0;2.0;B01
201100043357;0;1;0;0.0;0.0;1.0;0.0;A01
201100043363;0;1;0;0.0;2.0;1.0;0.0;B01
201100043373;0;1;0;0.0;2.0;1.0;1.0;A01
201100043373;0;1;0;0.0;2.0;1.0;1.0;B01
201100043383;0;1;0;0.0;2.0;1.0;1.0;Y01
201100043407;0;1;0;0.0;2.0;8.0;18.0;A01
201100043414;0;1;0;0.0;2.0;1.0;21.0;C01
201100043414;0;1;0;0.0;2.0;1.0;21.0;B01
201100043422;0;1;0;0.0;0.0;0.0;0.0;A01
201100043453;0;1;0;1.0;0.0;1.0;2.0;B01
201100043477;0;1;0;0.0;2.0;2.0;2.0;B01
201100043496;0;1;0;0.0;0.0;2.0;5.0;A01
201100043522;0;1;0;0.0;2.0;1.0;1.0;B01
201100043525;0;1;0;0.0;1.0;1.0;1.0;A01
201100043549;0;1;0;0.0;2.0;5.0;2.0;C01
201100043580;0;1;0;0.0;0.0;4.0;13.0;A01
201100043585;0;1;0;0.0;0.0;8.0;13.0;A01
201100043593;0;1;0;0.0;0.0;4.0;1.0;B01
201100043619;0;1;0;0.0;2.0;3.0;1.0;B01
201100043633;0;1;0;0.0;2.0;1.0;13.0;A01
201100043633;0;1;0;0.0;0.0;0.0;1.0;B01
201100043661;0;1;0;0.0;2.0;9.0;1.0;B01
201100043669;0;1;0;0.0;2.0;8.0;1.0;B01
201100043676;0;1;0;0.0;2.0;1.0;1.0;B01
201100043684;0;1;0;0.0;2.0;1.0;3.0;B01
201100043691;0;1;0;0.0;1.0;0.0;1.0;A01
201100043699;0;1;0;0.0;1.0;2.0;1.0;B01
201100043701;0;1;0;0.0;2.0;3.0;1.0;B01
201100043703;0;1;0;0.0;2.0;8.0;1.0;B01
201100043708;0;1;0;0.0;2.0;0.0;12.0;B01
201100043709;1;1;0;0.0;1.0;0.0;0.0;Z01
201100043712;0;1;0;1.0;0.0;3.0;1.0;B01
201100043713;0;1;0;0.0;2.0;8.0;1.0;B01
201100043715;0;1;0;0.0;2.0;1.0;1.0;B01
201100043739;0;1;0;0.0;2.0;1.0;1.0;B01
201100043766;0;1;0;0.0;2.0;1.0;1.0;B01
201100043800;0;1;0;0.0;2.0;3.0;1.0;A01
201100043805;0;1;0;0.0;2.0;1.0;9.0;A01
201100043811;0;1;0;0.0;2.0;4.0;1.0;B01
201100043817;0;1;0;12.0;0.0;0.0;18.0;A01
201100043862;0;1;0;0.0;2.0;7.0;19.0;A01
201100043885;0;1;0;0.0;0.0;0.0;0.0;A01
201100043941;0;1;0;0.0;2.0;1.0;1.0;B01
201100043953;0;1;0;0.0;2.0;1.0;1.0;B01
201100043974;0;1;0;0.0;0.0;0.0;0.0;A01
201100043985;0;1;0;0.0;2.0;1.0;1.0;B01
201100044014;0;1;0;16.0;0.0;1.0;2.0;A01
201100044022;0;1;0;0.0;2.0;1.0;1.0;B01
201100044047;0;1;0;0.0;2.0;1.0;2.0;B01
201100044058;0;1;0;16.0;0.0;1.0;2.0;A01
201100044066;0;1;0;0.0;2.0;1.0;15.0;A01
201100044097;0;1;0;16.0;0.0;1.0;2.0;A01
201100044111;0;1;0;16.0;2.0;1.0;2.0;A01
201100044165;0;1;0;0.0;2.0;1.0;2.0;A01
201100044168;0;1;0;0.0;2.0;1.0;2.0;C01
201100044168;0;1;0;0.0;2.0;8.0;1.0;B01
201100044176;0;1;0;16.0;0.0;0.0;1.0;A01
201100044186;0;1;0;1.0;0.0;1.0;1.0;B01
201100044249;0;1;0;0.0;2.0;1.0;1.0;B01
201100044258;0;1;0;0.0;2.0;1.0;15.0;A01
201100044260;0;1;0;0.0;2.0;1.0;5.0;A01
201100044287;0;1;0;0.0;2.0;1.0;1.0;B01
201100044337;0;1;0;1.0;0.0;1.0;1.0;B01
201100044339;0;1;0;0.0;2.0;5.0;1.0;B01
201100044341;0;1;0;0.0;0.0;4.0;15.0;B01
201100044372;0;1;0;0.0;0.0;1.0;0.0;A01
201100044377;0;1;0;0.0;2.0;6.0;19.0;B01
201100044392;0;1;0;0.0;1.0;0.0;2.0;B01
201100044407;0;1;0;13.0;0.0;0.0;0.0;A01
201100044410;0;1;0;0.0;2.0;1.0;1.0;A01
201100044412;0;1;0;0.0;2.0;8.0;2.0;B01
201100044417;0;1;0;0.0;2.0;1.0;1.0;B01
201100044438;0;1;0;0.0;2.0;7.0;1.0;B01
201100044441;0;1;0;0.0;0.0;0.0;1.0;A01
201100044459;0;1;0;0.0;0.0;0.0;1.0;A01
201100044469;0;1;0;0.0;1.0;1.0;1.0;A01
201100044472;0;1;0;0.0;2.0;1.0;1.0;B01
201100044480;0;1;0;0.0;2.0;1.0;13.0;A01
201100044480;0;1;0;0.0;2.0;1.0;13.0;B01
201100044485;0;1;0;0.0;0.0;7.0;0.0;A01
201100044488;0;1;0;0.0;0.0;1.0;1.0;A01
201100044493;0;1;0;0.0;1.0;1.0;1.0;A01
201100044501;0;1;0;0.0;2.0;1.0;1.0;B01
201100044524;0;1;0;0.0;2.0;3.0;1.0;B01
201100044529;0;1;0;0.0;2.0;1.0;1.0;B01
201100044532;0;1;0;0.0;2.0;7.0;0.0;B01
201100044546;0;1;0;0.0;2.0;9.0;2.0;B01
201100044575;0;1;0;0.0;2.0;5.0;1.0;B01
201100044583;0;1;0;0.0;2.0;8.0;1.0;A01
201100044584;0;1;0;0.0;1.0;1.0;1.0;A01
201100044623;0;1;0;0.0;2.0;4.0;14.0;B01
201100044630;0;1;0;0.0;2.0;8.0;13.0;A01
201100044632;0;1;0;0.0;2.0;1.0;16.0;B01
201100044645;0;1;0;0.0;2.0;0.0;15.0;A01
201100044647;0;1;0;0.0;2.0;1.0;5.0;A01
201100044684;0;1;0;0.0;2.0;1.0;1.0;A01
201100044685;0;1;0;0.0;2.0;7.0;1.0;B01
201100044735;0;1;0;0.0;1.0;1.0;1.0;A01
201100044749;0;1;0;0.0;2.0;1.0;15.0;A01
201100044752;0;1;0;0.0;2.0;7.0;1.0;A01
201100044761;0;1;0;0.0;2.0;1.0;1.0;B01
201100044768;0;1;0;0.0;2.0;7.0;19.0;B01
201100044771;0;1;0;0.0;2.0;1.0;1.0;A01
201100044779;0;1;0;0.0;2.0;7.0;0.0;B01
201100044781;1;1;0;0.0;1.0;1.0;1.0;Z01
201100044784;0;1;0;0.0;2.0;1.0;19.0;B01
201100044795;0;1;0;0.0;2.0;8.0;0.0;B01
201100044804;0;1;0;0.0;2.0;4.0;1.0;A01
201100044810;0;1;0;0.0;2.0;8.0;0.0;B01
201100044813;0;1;0;0.0;2.0;1.0;1.0;B01
201100044815;0;1;0;0.0;2.0;1.0;1.0;A01
201100044851;0;1;0;0.0;2.0;7.0;1.0;B01
201100044871;0;1;0;0.0;2.0;1.0;1.0;B01
201100044873;0;1;0;0.0;2.0;1.0;1.0;A01
201100044875;0;1;0;0.0;2.0;4.0;1.0;B01
201100044900;0;1;0;0.0;2.0;1.0;1.0;B01
201100044906;0;1;0;0.0;2.0;8.0;1.0;B01
201100044934;0;1;0;0.0;0.0;0.0;0.0;A01
201100044984;0;1;0;0.0;2.0;1.0;1.0;B01
201100045000;0;1;0;;2.0;3.0;1.0;B01
201100045007;0;1;0;0.0;2.0;1.0;1.0;B01
201100045049;0;1;0;0.0;2.0;1.0;1.0;A01
201100045094;1;1;0;0.0;1.0;1.0;1.0;A01
201100045113;0;1;0;0.0;2.0;8.0;2.0;B01
201100045155;0;1;0;0.0;2.0;4.0;15.0;A01
201100045166;0;1;0;0.0;2.0;1.0;19.0;B01
201100045189;0;1;0;0.0;2.0;1.0;1.0;B01
201100045193;0;1;0;12.0;0.0;1.0;0.0;A01
201100045196;0;1;0;0.0;0.0;0.0;1.0;A01
201100045198;0;1;0;6.0;0.0;1.0;1.0;A01
201100045204;0;1;0;0.0;2.0;8.0;2.0;B01
201100045208;0;1;0;0.0;0.0;1.0;1.0;A01
201100045209;0;1;0;0.0;0.0;0.0;1.0;A01
201100045214;0;1;0;0.0;2.0;1.0;1.0;A01
201100045217;0;1;0;0.0;0.0;1.0;1.0;A01
201100045219;0;1;0;0.0;0.0;1.0;1.0;A01
201100045225;0;1;0;0.0;0.0;1.0;1.0;A01
201100045231;0;1;0;0.0;2.0;1.0;1.0;B01
201100045236;0;1;0;0.0;2.0;1.0;1.0;A01
201100045247;0;1;0;0.0;0.0;1.0;16.0;A01
201100045254;0;1;0;0.0;0.0;1.0;1.0;A01
201100045268;0;1;0;0.0;2.0;1.0;15.0;B01
201100045273;0;1;0;16.0;0.0;0.0;0.0;A01
201100045277;0;1;0;0.0;2.0;1.0;1.0;B01
201100045284;0;1;0;0.0;0.0;1.0;1.0;A01
201100045286;0;1;0;0.0;2.0;8.0;2.0;B01
201100045289;0;1;0;0.0;2.0;7.0;1.0;A01
201100045295;0;1;0;15.0;0.0;0.0;1.0;A01
201100045299;0;1;0;0.0;2.0;1.0;1.0;B01
201100045301;0;1;0;0.0;2.0;1.0;13.0;A01
201100045301;0;1;0;0.0;2.0;1.0;1.0;B01
201100045310;0;1;0;0.0;2.0;1.0;1.0;B01
201100045326;0;1;0;0.0;2.0;1.0;0.0;B01
201100045327;0;1;0;;2.0;8.0;19.0;B02
201100045345;0;1;0;0.0;1.0;1.0;1.0;A01
201100045347;0;1;0;0.0;1.0;1.0;1.0;A01
201100045370;0;1;0;0.0;2.0;3.0;1.0;B01
201100045379;0;1;0;0.0;2.0;0.0;15.0;B01
201100045388;0;1;0;0.0;2.0;1.0;1.0;B01
201100045405;0;1;0;0.0;2.0;7.0;19.0;B01
201100045420;0;1;0;0.0;2.0;1.0;2.0;A01
201100045441;0;1;0;0.0;2.0;8.0;18.0;A01
201100045467;0;1;0;1.0;0.0;1.0;1.0;B01
201100045474;0;1;0;0.0;2.0;2.0;1.0;B01
201100045477;0;1;0;0.0;2.0;8.0;1.0;B01
201100045481;0;1;0;0.0;2.0;7.0;1.0;B01
201100045507;0;1;0;0.0;2.0;8.0;15.0;A01
201100045512;0;1;0;1.0;0.0;3.0;1.0;B01
201100045515;0;1;0;0.0;2.0;7.0;1.0;B01
201100045519;0;1;0;0.0;2.0;3.0;1.0;B01
201100045527;0;1;0;1.0;0.0;1.0;1.0;B01
201100045557;0;1;0;0.0;2.0;3.0;19.0;A01
201100045569;0;1;0;0.0;2.0;8.0;1.0;B01
201100045591;0;1;0;0.0;2.0;1.0;1.0;B01
201100045593;0;1;0;0.0;2.0;8.0;15.0;B01
201100045616;0;1;0;0.0;1.0;1.0;1.0;A01
201100045620;0;1;0;0.0;2.0;8.0;9.0;A01
201100045634;0;1;0;0.0;2.0;8.0;19.0;A01
201100045640;0;1;0;1.0;2.0;1.0;1.0;B01
201100045655;0;1;0;0.0;2.0;1.0;1.0;B01
201100045664;0;1;0;0.0;2.0;6.0;15.0;B01
201100045667;0;1;0;0.0;2.0;1.0;21.0;B01
201100045708;0;1;0;1.0;2.0;1.0;1.0;B01
201100045721;0;1;0;0.0;2.0;1.0;1.0;B01
201100045733;0;1;0;0.0;2.0;3.0;1.0;B01
201100045738;0;1;0;0.0;2.0;1.0;2.0;A01
201100045740;0;1;0;0.0;2.0;1.0;2.0;B01
201100045761;0;1;0;0.0;2.0;2.0;1.0;B01
201100045763;0;1;0;0.0;2.0;8.0;2.0;B01
201100045778;0;1;0;0.0;2.0;0.0;19.0;B01
201100045790;0;1;0;0.0;2.0;1.0;1.0;A01
201100045793;0;1;0;0.0;2.0;8.0;19.0;B01
201100045797;0;1;0;0.0;0.0;0.0;19.0;B01
201100045817;0;1;0;0.0;2.0;8.0;19.0;B01
201100045887;0;1;0;0.0;1.0;1.0;17.0;A01
201100045890;0;1;0;0.0;2.0;8.0;1.0;B01
201100045899;0;1;0;0.0;1.0;1.0;1.0;A01
201100045916;0;1;0;0.0;2.0;1.0;1.0;B01
201100045923;0;1;0;0.0;2.0;8.0;1.0;B01
201100045976;0;1;0;0.0;2.0;7.0;16.0;A01
201100045983;0;1;0;0.0;2.0;1.0;18.0;B01
201100046019;0;1;0;0.0;1.0;1.0;13.0;A01
201100046020;0;1;0;0.0;2.0;6.0;11.0;B01
201100046059;0;1;0;0.0;2.0;7.0;2.0;B01
201100046070;0;1;0;0.0;2.0;1.0;2.0;A01
201100046073;0;1;0;0.0;2.0;2.0;15.0;A01
201100046108;0;1;0;0.0;2.0;3.0;1.0;B01
201100046109;0;1;0;0.0;2.0;4.0;1.0;B01
201100046135;0;1;0;0.0;2.0;4.0;1.0;B01
201100046138;0;1;0;0.0;2.0;4.0;1.0;B01
201100046146;0;1;0;1.0;0.0;7.0;1.0;B01
201100046147;0;1;0;0.0;2.0;1.0;1.0;B01
201100046148;0;1;0;0.0;2.0;7.0;5.0;A01
201100046155;0;1;0;0.0;2.0;2.0;15.0;B01
201100046162;0;1;0;0.0;2.0;7.0;0.0;B01
201100046171;0;1;0;0.0;2.0;7.0;1.0;B01
201100046179;0;1;0;0.0;2.0;3.0;16.0;B01
201100046201;0;1;0;0.0;2.0;8.0;1.0;B01
201100046230;0;1;0;0.0;2.0;8.0;1.0;B01
201100046262;0;1;0;0.0;2.0;8.0;15.0;A01
201100046300;0;1;0;0.0;2.0;8.0;1.0;B01
201100046301;0;1;0;0.0;2.0;7.0;12.0;A01
201100046319;0;1;0;0.0;2.0;1.0;15.0;B01
201100046338;0;1;0;1.0;0.0;2.0;14.0;A01
201100046355;0;1;0;16.0;0.0;0.0;1.0;A01
201100046365;0;1;0;0.0;2.0;1.0;18.0;B01
201100046376;0;1;0;0.0;2.0;1.0;19.0;B01
201100046383;0;1;0;0.0;2.0;8.0;15.0;B01
201100046384;0;1;0;0.0;0.0;1.0;1.0;B01
201100046385;0;1;0;0.0;2.0;3.0;17.0;B01
201100046400;0;1;0;0.0;1.0;1.0;1.0;A01
201100046406;0;1;0;0.0;2.0;1.0;2.0;A01
201100046433;0;1;0;0.0;2.0;1.0;1.0;B01
201100046440;0;1;0;0.0;2.0;1.0;1.0;B01
201100046450;1;1;0;0.0;1.0;1.0;1.0;A01
201100046452;0;1;0;0.0;1.0;7.0;19.0;A01
201100046463;0;1;0;0.0;2.0;8.0;1.0;B01
201100046464;0;1;0;0.0;9.0;1.0;1.0;B01
201100046478;0;1;0;0.0;2.0;1.0;1.0;B01
201100046494;0;1;0;1.0;0.0;1.0;1.0;B01
201100046503;0;1;0;0.0;1.0;1.0;1.0;A01
201100046545;0;1;0;0.0;2.0;1.0;1.0;A01
201100046550;0;1;0;0.0;2.0;8.0;5.0;A01
201100046560;0;1;0;0.0;0.0;7.0;1.0;A01
201100046602;0;1;0;0.0;1.0;1.0;1.0;B01
201100046619;0;1;0;0.0;2.0;1.0;19.0;B01
201100046625;0;1;0;0.0;2.0;1.0;17.0;B01
201100046628;0;1;0;0.0;2.0;1.0;1.0;B01
201100046655;0;1;0;0.0;2.0;1.0;17.0;B01
201100046682;0;1;0;0.0;0.0;1.0;1.0;A01
201100046744;0;1;0;0.0;2.0;2.0;19.0;B01
201100046745;0;1;0;0.0;2.0;1.0;1.0;B01
201100046813;0;1;0;0.0;2.0;3.0;1.0;B02
201100046825;0;1;0;0.0;2.0;8.0;1.0;B01
201100046826;0;1;0;0.0;2.0;1.0;1.0;B01
201100046836;0;1;0;0.0;1.0;1.0;1.0;A01
201100046838;0;1;0;0.0;2.0;4.0;19.0;A01
201100046853;0;1;0;0.0;2.0;1.0;18.0;B01
201100046859;0;1;0;0.0;2.0;1.0;1.0;B01
201100046879;0;1;0;0.0;9.0;1.0;0.0;A01
201100046891;0;1;0;0.0;2.0;4.0;1.0;A01
201100046909;0;1;0;0.0;2.0;4.0;1.0;A01
201100046927;0;1;0;0.0;2.0;1.0;1.0;A01
201100046932;0;1;0;0.0;1.0;1.0;2.0;A01
201100046936;0;1;0;0.0;2.0;0.0;0.0;B01
201100046939;0;1;0;0.0;2.0;9.0;0.0;B01
201100046969;0;1;0;0.0;2.0;1.0;1.0;B01
201100046987;0;1;0;0.0;2.0;1.0;19.0;B01
201100047008;0;1;0;0.0;2.0;1.0;1.0;A01
201100047031;0;1;0;0.0;0.0;7.0;19.0;B01
201100047056;0;1;0;0.0;2.0;1.0;1.0;B01
201100047062;0;1;0;0.0;2.0;3.0;1.0;A01
201100047063;0;1;0;0.0;2.0;7.0;1.0;A01
201100047070;0;1;0;0.0;2.0;1.0;1.0;B01