Num_Acc;senc;catv;occutc;obs;obsm;choc;manv;num_veh
201100047084;0;1;0;0.0;2.0;6.0;11.0;A01
201100047106;0;1;0;0.0;2.0;1.0;1.0;B01
201100047135;0;1;0;0.0;2.0;1.0;19.0;B01
201100047143;0;1;0;0.0;2.0;1.0;1.0;A01
201100047157;0;1;0;12.0;0.0;1.0;1.0;A01
201100047215;0;1;0;12.0;0.0;1.0;1.0;A01
201100047220;0;1;0;0.0;2.0;1.0;1.0;B01
201100047256;0;1;0;0.0;2.0;1.0;1.0;A01
201100047261;0;1;0;0.0;2.0;5.0;1.0;A01
201100047294;0;1;0;0.0;2.0;8.0;1.0;B01
201100047300;0;1;0;0.0;2.0;2.0;1.0;B01
201100047373;0;1;0;0.0;2.0;4.0;1.0;A01
201100047375;0;1;0;0.0;2.0;1.0;1.0;A01
201100047408;0;1;0;2.0;0.0;1.0;1.0;A01
201100047420;0;1;0;0.0;2.0;1.0;19.0;A01
201100047466;0;1;0;0.0;0.0;1.0;1.0;A01
201100047514;0;1;0;0.0;2.0;1.0;1.0;A01
201100047551;0;1;0;1.0;2.0;1.0;1.0;B01
201100047579;0;1;0;0.0;2.0;2.0;19.0;B01
201100047581;0;1;0;0.0;1.0;1.0;2.0;A01
201100047597;0;1;0;0.0;2.0;8.0;1.0;B01
201100047634;0;1;0;0.0;2.0;1.0;9.0;A01
201100047645;0;1;0;0.0;2.0;2.0;1.0;B01
201100047674;0;1;0;0.0;2.0;3.0;13.0;B01
201100047675;0;1;0;1.0;0.0;1.0;1.0;Y01
201100047677;0;1;0;0.0;2.0;8.0;19.0;B01
201100047689;0;1;0;0.0;0.0;4.0;1.0;B01
201100047705;0;1;0;0.0;2.0;6.0;1.0;B01
201100047717;0;1;0;0.0;2.0;1.0;1.0;B01
201100047738;0;1;0;;;;;B01
201100047741;0;1;0;0.0;2.0;8.0;15.0;A01
201100047750;0;1;0;0.0;2.0;1.0;5.0;A01
201100047778;0;1;0;0.0;2.0;7.0;1.0;B01
201100047788;0;1;0;0.0;2.0;1.0;1.0;B01
201100047790;0;1;0;0.0;2.0;1.0;1.0;B01
201100047798;0;1;0;0.0;2.0;8.0;2.0;C01
201100047807;0;1;0;0.0;2.0;8.0;1.0;B01
201100047809;0;1;0;0.0;2.0;4.0;1.0;A01
201100047819;0;1;0;0.0;2.0;3.0;13.0;B01
201100047882;0;1;0;0.0;1.0;1.0;1.0;A01
201100047892;0;1;0;0.0;0.0;7.0;1.0;B01
201100047907;0;1;0;0.0;2.0;3.0;11.0;B01
201100047952;0;1;0;0.0;2.0;4.0;1.0;B01
201100047961;0;1;0;0.0;2.0;3.0;21.0;B01
201100048010;0;1;0;0.0;0.0;1.0;16.0;B01
201100048011;0;1;0;0.0;0.0;7.0;1.0;B01
201100048099;0;1;0;0.0;0.0;0.0;0.0;B01
201100048127;0;1;0;0.0;2.0;1.0;1.0;Y01
201100048140;0;1;0;0.0;2.0;6.0;13.0;B01
201100048141;0;1;0;1.0;0.0;2.0;1.0;B01
201100048186;0;1;0;0.0;2.0;1.0;1.0;B01
201100048415;0;1;0;0.0;2.0;1.0;19.0;B01
201100048435;0;1;0;0.0;2.0;0.0;15.0;B01
201100048454;0;1;0;0.0;2.0;8.0;13.0;B01
201100048459;0;1;0;0.0;2.0;8.0;1.0;B01
201100048530;0;1;0;0.0;9.0;2.0;0.0;B01
201100048545;0;1;0;0.0;2.0;7.0;19.0;A01
201100048599;0;1;0;0.0;2.0;2.0;5.0;B01
201100048611;0;1;0;1.0;0.0;1.0;1.0;A01
201100048628;0;1;0;0.0;0.0;8.0;11.0;A01
201100048638;0;1;0;0.0;2.0;7.0;1.0;B01
201100048647;0;1;0;0.0;2.0;7.0;19.0;B01
201100048648;0;1;0;0.0;1.0;8.0;1.0;A01
201100048670;0;1;0;0.0;1.0;1.0;1.0;A01
201100048679;0;1;0;0.0;2.0;1.0;1.0;Y01
201100048681;0;1;0;0.0;2.0;0.0;1.0;B01
201100048695;0;1;0;0.0;2.0;1.0;1.0;B01
201100048740;0;1;0;0.0;2.0;1.0;19.0;B02
201100048758;0;1;0;0.0;0.0;8.0;1.0;B01
201100048821;0;1;0;0.0;2.0;1.0;1.0;B01
201100048825;0;1;0;0.0;0.0;7.0;1.0;A01
201100048838;0;1;0;0.0;2.0;1.0;1.0;B02
201100048841;0;1;0;0.0;2.0;7.0;17.0;B01
201100048863;0;1;0;0.0;2.0;1.0;1.0;B01
201100048879;0;1;0;0.0;0.0;8.0;1.0;B01
201100048880;0;1;0;0.0;2.0;5.0;1.0;B01
201100048936;0;1;0;0.0;2.0;7.0;19.0;B01
201100048949;0;1;0;0.0;2.0;7.0;1.0;B01
201100048961;0;1;0;0.0;2.0;1.0;1.0;B01
201100048968;0;1;0;0.0;2.0;4.0;1.0;B01
201100049000;0;1;0;0.0;2.0;8.0;1.0;B01
201100049005;0;1;0;0.0;2.0;0.0;2.0;A01
201100049006;0;1;0;0.0;2.0;3.0;13.0;A01
201100049010;0;1;0;0.0;2.0;1.0;1.0;B01
201100049014;0;1;0;0.0;2.0;4.0;1.0;A01
201100049037;0;1;0;0.0;2.0;3.0;1.0;A01
201100049058;0;1;0;0.0;2.0;2.0;16.0;B01
201100049064;0;1;0;0.0;2.0;4.0;1.0;B01
201100049079;0;1;0;0.0;2.0;3.0;1.0;B01
201100049095;0;1;0;0.0;2.0;2.0;21.0;B01
201100049101;0;1;0;0.0;2.0;1.0;18.0;B01
201100049104;0;1;0;0.0;2.0;1.0;1.0;A01
201100049117;0;1;0;0.0;2.0;7.0;1.0;B01
201100049119;0;1;0;0.0;2.0;5.0;19.0;B01
201100049146;0;1;0;6.0;0.0;2.0;1.0;A01
201100049150;0;1;0;0.0;2.0;1.0;5.0;B01
201100049152;0;1;0;1.0;0.0;1.0;1.0;A01
201100049170;0;1;0;0.0;2.0;1.0;2.0;A01
201100049276;0;1;0;;;;;A01
201100049279;0;1;0;0.0;1.0;7.0;0.0;A01
201100049286;0;1;0;0.0;0.0;8.0;1.0;B01
201100049291;0;1;0;0.0;2.0;1.0;1.0;B01
201100049300;0;1;0;0.0;2.0;7.0;1.0;A01
201100049331;0;1;0;0.0;2.0;7.0;17.0;A01
201100049337;0;1;0;0.0;2.0;1.0;1.0;B01
201100049375;0;1;0;0.0;2.0;1.0;2.0;A01
201100049386;0;1;0;0.0;2.0;1.0;1.0;A01
201100049406;0;1;0;0.0;2.0;4.0;1.0;B01
201100049475;0;1;0;0.0;2.0;4.0;3.0;A01
201100049532;0;1;0;0.0;2.0;4.0;1.0;A01
201100049546;0;1;0;0.0;2.0;2.0;1.0;B01
201100049560;0;1;0;0.0;2.0;1.0;1.0;B01
201100049563;0;1;0;0.0;2.0;1.0;1.0;A01
201100049586;0;1;0;0.0;0.0;3.0;1.0;B01
201100049598;0;1;0;0.0;1.0;1.0;1.0;A01
201100049616;0;1;0;0.0;2.0;3.0;1.0;B01
201100049643;0;1;0;0.0;2.0;1.0;19.0;A01
201100049690;0;1;0;1.0;2.0;4.0;1.0;B02
201100049741;0;1;0;0.0;2.0;6.0;1.0;B01
201100049748;0;1;0;1.0;0.0;1.0;1.0;B01
201100049766;0;1;0;0.0;2.0;8.0;16.0;B01
201100049772;0;1;0;0.0;2.0;1.0;1.0;B01
201100049839;0;1;0;0.0;2.0;1.0;5.0;A01
201100049859;0;1;0;1.0;2.0;1.0;1.0;A01
201100049915;0;1;0;0.0;2.0;1.0;1.0;B01
201100049923;0;1;0;0.0;0.0;7.0;19.0;B01
201100049925;0;1;0;0.0;2.0;1.0;1.0;B01
201100050003;0;1;0;0.0;0.0;0.0;2.0;A01
201100050020;0;1;0;0.0;2.0;8.0;23.0;B01
201100050022;0;1;0;0.0;1.0;1.0;1.0;A01
201100050023;0;1;0;0.0;2.0;7.0;19.0;B01
201100050036;0;1;0;0.0;2.0;1.0;1.0;B01
201100050052;0;1;0;0.0;2.0;4.0;23.0;C01
201100050165;0;1;0;0.0;2.0;1.0;1.0;B01
201100050166;0;1;0;0.0;2.0;8.0;1.0;B01
201100050175;0;1;0;0.0;2.0;1.0;17.0;B01
201100050187;0;1;0;0.0;1.0;1.0;1.0;A01
201100050240;0;1;0;0.0;2.0;4.0;2.0;B01
201100050248;0;1;0;0.0;2.0;3.0;19.0;B01
201100050249;0;1;0;0.0;1.0;1.0;1.0;A01
201100050258;0;1;0;0.0;2.0;8.0;1.0;B01
201100050264;0;1;0;0.0;2.0;1.0;1.0;B01
201100050286;0;1;0;0.0;2.0;2.0;1.0;A01
201100050311;0;1;0;0.0;2.0;7.0;1.0;B01
201100050339;0;1;0;0.0;2.0;4.0;15.0;B01
201100050361;0;1;0;0.0;2.0;1.0;9.0;A01
201100050370;0;1;0;0.0;2.0;1.0;15.0;A01
201100050373;0;1;0;0.0;2.0;1.0;1.0;B01
201100050407;0;1;0;0.0;2.0;0.0;1.0;B01
201100050410;0;1;0;0.0;2.0;3.0;19.0;B01
201100050423;0;1;0;0.0;2.0;7.0;19.0;B01
201100050449;0;1;0;1.0;0.0;1.0;1.0;B01
201100050476;0;1;0;0.0;2.0;4.0;23.0;B01
201100050483;0;1;0;0.0;2.0;7.0;19.0;A01
201100050505;0;1;0;0.0;0.0;4.0;1.0;B01
201100050511;0;1;0;0.0;2.0;4.0;1.0;B01
201100050560;0;1;0;0.0;2.0;1.0;16.0;A01
201100050583;0;1;0;0.0;2.0;4.0;1.0;B01
201100050598;0;1;0;0.0;2.0;8.0;19.0;A01
201100050611;0;1;0;0.0;0.0;7.0;1.0;A01
201100050626;0;1;0;0.0;0.0;1.0;19.0;B01
201100050638;0;1;0;0.0;2.0;3.0;16.0;B01
201100050645;0;1;0;0.0;2.0;8.0;1.0;B01
201100050657;0;1;0;0.0;2.0;1.0;19.0;A01
201100050661;0;1;0;0.0;0.0;7.0;19.0;B01
201100050668;0;1;0;0.0;2.0;1.0;1.0;B01
201100050749;0;1;0;0.0;1.0;1.0;1.0;A01
201100050799;0;1;0;0.0;2.0;8.0;1.0;A01
201100050805;0;1;0;0.0;0.0;7.0;19.0;A01
201100050816;0;1;0;0.0;2.0;1.0;1.0;B01
201100050836;0;1;0;0.0;2.0;1.0;1.0;A01
201100050852;0;1;0;0.0;0.0;8.0;1.0;A01
201100050886;0;1;0;0.0;2.0;4.0;1.0;A01
201100050905;0;1;0;0.0;2.0;7.0;19.0;B01
201100050926;0;1;0;;2.0;1.0;1.0;B02
201100050942;0;1;0;;2.0;3.0;19.0;B02
201100050999;0;1;0;0.0;2.0;8.0;9.0;B01
201100051023;0;1;0;0.0;2.0;8.0;19.0;B01
201100051025;0;1;0;0.0;2.0;1.0;1.0;B01
201100051056;0;1;0;0.0;2.0;0.0;15.0;B01
201100051062;0;1;0;0.0;2.0;1.0;1.0;A01
201100051077;0;1;0;0.0;2.0;7.0;16.0;B01
201100051119;0;1;0;0.0;0.0;1.0;1.0;B01
201100051121;0;1;0;0.0;2.0;8.0;19.0;A01
201100051134;0;1;0;0.0;2.0;1.0;1.0;B01
201100051137;0;1;0;0.0;1.0;1.0;1.0;A01
201100051158;0;1;0;2.0;2.0;1.0;5.0;B01
201100051161;0;1;0;0.0;2.0;1.0;2.0;A01
201100051213;0;1;0;1.0;0.0;1.0;1.0;B01
201100051220;0;1;0;0.0;2.0;8.0;11.0;B01
201100051257;0;1;0;0.0;2.0;3.0;1.0;B01
201100051272;0;1;0;0.0;0.0;4.0;1.0;B01
201100051278;0;1;0;0.0;2.0;1.0;2.0;B01
201100051280;0;1;0;0.0;2.0;4.0;1.0;B01
201100051284;0;1;0;0.0;2.0;1.0;19.0;B01
201100051289;0;1;0;0.0;2.0;4.0;1.0;B01
201100051297;0;1;0;0.0;2.0;6.0;19.0;B01
201100051299;0;1;0;0.0;2.0;1.0;17.0;B01
201100051322;0;1;0;14.0;0.0;1.0;1.0;A01
201100051341;0;1;0;0.0;2.0;8.0;19.0;A01
201100051347;0;1;0;0.0;2.0;1.0;9.0;B01
201100051351;0;1;0;0.0;2.0;8.0;1.0;B01
201100051373;0;1;0;0.0;1.0;1.0;1.0;A01
201100051401;0;1;0;0.0;2.0;5.0;1.0;A01
201100051405;0;1;0;0.0;2.0;1.0;9.0;A01
201100051420;0;1;0;0.0;0.0;5.0;14.0;B01
201100051436;0;1;0;0.0;2.0;8.0;1.0;B01
201100051438;0;1;0;0.0;2.0;2.0;19.0;B01
201100051442;0;1;0;0.0;2.0;1.0;1.0;B01
201100051446;0;1;0;0.0;0.0;4.0;23.0;B01
201100051451;0;1;0;1.0;0.0;5.0;1.0;A01
201100051464;0;1;0;0.0;2.0;1.0;9.0;A01
201100051471;0;1;0;0.0;1.0;1.0;1.0;A01
201100051493;0;1;0;0.0;2.0;3.0;5.0;A01
201100051524;0;1;0;1.0;0.0;1.0;1.0;B01
201100051542;0;1;0;0.0;2.0;1.0;19.0;A01
201100051550;0;1;0;0.0;2.0;6.0;16.0;B01
201100051560;0;1;0;0.0;2.0;1.0;1.0;B01
201100051561;0;1;0;0.0;2.0;1.0;1.0;B01
201100051568;0;1;0;0.0;2.0;7.0;1.0;A01
201100051577;0;1;0;0.0;2.0;4.0;1.0;B01
201100051643;0;1;0;0.0;2.0;1.0;19.0;B01
201100051723;0;1;0;0.0;0.0;5.0;19.0;A01
201100051732;0;1;0;0.0;2.0;8.0;1.0;B01
201100051741;0;1;0;0.0;0.0;3.0;1.0;B01
201100051804;0;1;0;0.0;2.0;1.0;0.0;B01
201100051824;0;1;0;0.0;1.0;1.0;18.0;A01
201100051827;0;1;0;0.0;1.0;1.0;1.0;A01
201100051833;0;1;0;0.0;2.0;1.0;1.0;B01
201100051835;0;1;0;0.0;2.0;1.0;1.0;B01
201100051842;0;1;0;0.0;2.0;1.0;1.0;B01
201100051846;0;1;0;0.0;2.0;2.0;2.0;A01
201100051848;0;1;0;1.0;0.0;1.0;1.0;A01
201100051856;0;1;0;1.0;2.0;1.0;1.0;B01
201100051858;0;1;0;0.0;2.0;2.0;1.0;A01
201100051859;0;1;0;0.0;2.0;1.0;1.0;B01
201100051862;0;1;0;0.0;1.0;1.0;1.0;A01
201100051863;0;1;0;0.0;2.0;1.0;15.0;A01
201100051866;0;1;0;0.0;2.0;1.0;1.0;B01
201100051868;0;1;0;1.0;0.0;1.0;1.0;B01
201100051875;0;1;0;0.0;0.0;1.0;2.0;B01
201100051922;0;1;0;0.0;2.0;8.0;13.0;B01
201100051924;0;1;0;0.0;2.0;1.0;1.0;B01
201100051939;0;1;0;0.0;2.0;1.0;5.0;A01
201100051942;0;1;0;0.0;2.0;8.0;21.0;B01
201100051985;0;1;0;1.0;0.0;1.0;1.0;B01
201100052004;0;1;0;0.0;0.0;0.0;21.0;B01
201100052015;0;1;0;16.0;0.0;9.0;1.0;A01
201100052022;0;1;0;0.0;2.0;1.0;17.0;B01
201100052045;0;1;0;0.0;2.0;1.0;1.0;B01
201100052064;0;1;0;0.0;2.0;8.0;19.0;B01
201100052070;0;1;0;0.0;2.0;2.0;1.0;B01
201100052077;0;1;0;0.0;2.0;1.0;1.0;B01
201100052092;0;1;0;0.0;2.0;1.0;0.0;B01
201100052095;0;1;0;0.0;2.0;8.0;1.0;A01
201100052109;0;1;0;0.0;1.0;1.0;2.0;A01
201100052118;0;1;0;0.0;2.0;1.0;1.0;B01
201100052122;0;1;0;12.0;0.0;1.0;1.0;A01
201100052165;0;1;0;12.0;0.0;1.0;1.0;A01
201100052178;0;1;0;0.0;2.0;1.0;1.0;B01
201100052184;0;1;0;0.0;2.0;9.0;9.0;B01
201100052211;0;1;0;0.0;2.0;8.0;19.0;B01
201100052249;0;1;0;0.0;2.0;1.0;1.0;B02
201100052278;0;1;0;0.0;2.0;7.0;1.0;B01
201100052292;0;1;0;0.0;2.0;1.0;2.0;B01
201100052337;0;1;0;0.0;2.0;1.0;19.0;B01
201100052346;0;1;0;0.0;2.0;1.0;1.0;B01
201100052355;0;1;0;0.0;2.0;1.0;1.0;A01
201100052356;0;1;0;1.0;2.0;4.0;1.0;B01
201100052359;0;1;0;0.0;2.0;1.0;17.0;A01
201100052373;0;1;0;0.0;2.0;4.0;1.0;B01
201100052375;0;1;0;0.0;2.0;7.0;1.0;B01
201100052376;0;1;0;0.0;2.0;4.0;1.0;B01
201100052381;0;1;0;0.0;2.0;1.0;1.0;A01
201100052382;0;1;0;16.0;0.0;9.0;1.0;A01
201100052405;0;1;0;0.0;2.0;5.0;1.0;B01
201100052411;0;1;0;0.0;2.0;8.0;15.0;B01
201100052471;0;1;0;0.0;2.0;1.0;9.0;B01
201100052473;2;1;0;0.0;2.0;1.0;5.0;A01
201100052515;0;1;0;0.0;2.0;3.0;15.0;A02
201100052519;0;1;0;0.0;2.0;1.0;1.0;B01
201100052519;0;1;0;0.0;2.0;1.0;1.0;A01
201100052527;0;1;0;0.0;2.0;8.0;1.0;B01
201100052552;0;1;0;0.0;2.0;7.0;0.0;B01
201100052637;0;1;0;0.0;2.0;1.0;1.0;B01
201100052653;0;1;0;0.0;2.0;1.0;1.0;A01
201100052779;0;1;0;0.0;2.0;1.0;19.0;A01
201100052789;0;1;0;0.0;2.0;1.0;17.0;B01
201100052796;0;1;0;0.0;1.0;1.0;1.0;A01
201100052798;0;1;0;0.0;2.0;1.0;1.0;A01
201100052803;0;1;0;0.0;2.0;1.0;1.0;A01
201100052804;0;1;0;0.0;2.0;1.0;2.0;B01
201100053002;0;1;0;0.0;2.0;7.0;12.0;B01
201100054364;0;1;0;0.0;2.0;8.0;1.0;A01
201100054800;0;1;0;0.0;2.0;8.0;1.0;B01
201100055582;0;1;0;0.0;2.0;8.0;1.0;B01
201100055584;0;1;0;0.0;2.0;3.0;2.0;B01
201100055588;0;1;0;0.0;2.0;1.0;1.0;B01
201100055590;0;1;0;0.0;9.0;4.0;19.0;B01
201100055591;0;1;0;1.0;0.0;1.0;21.0;A01
201100055596;0;1;0;0.0;1.0;1.0;1.0;A01
201100055599;0;1;0;0.0;2.0;3.0;1.0;B01
201100055601;0;1;0;0.0;2.0;7.0;1.0;A01
201100055637;0;1;0;12.0;2.0;4.0;1.0;B01
201100055653;0;1;0;0.0;2.0;1.0;1.0;B01
201100055785;0;1;0;0.0;2.0;1.0;15.0;B01
201100055789;0;1;0;0.0;9.0;3.0;0.0;A01
201100055790;0;1;0;0.0;4.0;2.0;19.0;A01
201100055794;0;1;0;15.0;2.0;1.0;2.0;B01
201100055796;0;1;0;0.0;2.0;8.0;7.0;B01
201100055809;0;1;0;0.0;2.0;8.0;2.0;B01
201100055813;0;1;0;0.0;2.0;8.0;1.0;B01
201100055820;0;1;0;0.0;1.0;1.0;1.0;A01
201100055821;0;1;0;0.0;2.0;1.0;1.0;B01
201100055823;0;1;0;0.0;1.0;1.0;1.0;A01
201100055838;0;1;0;0.0;2.0;8.0;1.0;B01
201100055845;0;1;0;0.0;2.0;8.0;1.0;B01
201100055851;0;1;0;0.0;2.0;4.0;15.0;B01
201100055852;0;1;0;0.0;2.0;6.0;2.0;B01
201100055852;0;1;0;0.0;2.0;7.0;0.0;A01
201100055854;0;1;0;0.0;2.0;1.0;1.0;A01
201100055860;0;1;0;0.0;2.0;4.0;2.0;B01
201100055862;0;1;0;0.0;0.0;7.0;1.0;A01
201100055865;0;1;0;0.0;2.0;0.0;0.0;B01
201100055867;0;1;0;0.0;1.0;1.0;1.0;A01
201100055870;0;1;0;1.0;0.0;7.0;2.0;B01
201100055875;0;1;0;0.0;2.0;5.0;16.0;B01
201100055888;0;1;0;0.0;2.0;0.0;1.0;B01
201100055890;0;1;0;0.0;2.0;1.0;1.0;B01
201100055899;0;1;0;1.0;0.0;0.0;2.0;B01
201100055901;0;1;0;1.0;0.0;1.0;1.0;B01
201100055904;0;1;0;0.0;2.0;7.0;1.0;B01
201100055905;0;1;0;0.0;2.0;1.0;1.0;B01
201100055909;0;1;0;0.0;2.0;1.0;19.0;B01
201100055910;0;1;0;0.0;2.0;7.0;19.0;A01
201100055915;0;1;0;0.0;2.0;8.0;2.0;B01
201100055921;0;1;0;0.0;2.0;1.0;1.0;A01
201100055921;0;1;0;0.0;2.0;1.0;1.0;B01
201100055922;0;1;0;0.0;2.0;1.0;1.0;A01
201100055925;0;1;0;0.0;2.0;8.0;2.0;B01
201100055933;0;1;0;0.0;2.0;1.0;1.0;B01
201100055935;0;1;0;1.0;0.0;1.0;21.0;B01
201100055939;0;1;0;0.0;2.0;1.0;7.0;A01
201100055946;0;1;0;0.0;2.0;3.0;2.0;A01
201100055947;0;1;0;0.0;2.0;8.0;1.0;A01
201100055949;0;1;0;0.0;2.0;1.0;0.0;A01
201100055952;0;1;0;0.0;2.0;1.0;1.0;B01
201100055959;0;1;0;0.0;2.0;1.0;1.0;B01
201100055963;0;1;0;0.0;2.0;4.0;2.0;B01
201100055967;0;1;0;0.0;2.0;8.0;19.0;A01
201100055978;0;1;0;0.0;2.0;7.0;1.0;A01
201100055983;0;1;0;0.0;2.0;7.0;1.0;B01
201100055988;0;1;0;0.0;2.0;8.0;1.0;A01
201100056004;0;1;0;0.0;2.0;8.0;1.0;A01
201100056008;0;1;0;0.0;2.0;0.0;1.0;B01
201100056015;0;1;0;0.0;2.0;4.0;15.0;B01
201100056024;0;1;0;0.0;2.0;8.0;2.0;B01
201100056050;0;1;0;0.0;2.0;1.0;2.0;A01
201100056055;0;1;0;2.0;0.0;1.0;13.0;A01
201100056060;0;1;0;0.0;2.0;4.0;1.0;B01
201100056288;0;1;0;0.0;0.0;4.0;0.0;B01
201100056293;0;1;0;0.0;2.0;1.0;1.0;B01
201100056293;0;1;0;0.0;2.0;1.0;14.0;A01
201100056294;0;1;0;0.0;2.0;1.0;1.0;A01
201100056295;0;1;0;0.0;2.0;3.0;11.0;A01
201100056296;0;1;0;0.0;2.0;5.0;3.0;A01
201100056299;0;1;0;0.0;2.0;8.0;2.0;B01
201100056305;0;1;0;0.0;0.0;0.0;0.0;A01
201100056310;0;1;0;0.0;0.0;0.0;0.0;A01
201100056315;0;1;0;1.0;0.0;1.0;18.0;B01
201100056321;0;1;0;3.0;0.0;1.0;1.0;B01
201100056441;0;1;0;0.0;2.0;1.0;5.0;A01
201100056442;0;1;0;0.0;2.0;3.0;1.0;A01
201100056442;0;1;0;0.0;2.0;1.0;1.0;B01
201100056444;1;1;0;0.0;0.0;0.0;1.0;Z01
201100056494;0;1;0;0.0;2.0;1.0;1.0;B01
201100056502;0;1;0;0.0;4.0;2.0;5.0;A01
201100056510;0;1;0;0.0;2.0;7.0;19.0;A01
201100056515;0;1;0;0.0;0.0;8.0;1.0;A01
201100056518;0;1;0;0.0;2.0;7.0;1.0;A01
201100056533;0;1;0;0.0;2.0;0.0;8.0;B01
201100056550;0;1;0;0.0;2.0;0.0;1.0;A01
201100056562;0;1;0;0.0;2.0;1.0;1.0;B01
201100056574;0;1;0;0.0;2.0;1.0;1.0;B01
201100056578;0;1;0;0.0;2.0;1.0;0.0;B01
201100056599;0;1;0;0.0;2.0;1.0;0.0;B01
201100056605;0;1;0;0.0;2.0;8.0;2.0;B01
201100056608;0;1;0;0.0;2.0;1.0;0.0;Y01
201100056612;0;1;0;0.0;2.0;8.0;2.0;B01
201100056614;0;1;0;0.0;2.0;0.0;1.0;B01
201100056623;0;1;0;0.0;2.0;1.0;0.0;A01
201100056632;0;1;0;1.0;0.0;1.0;21.0;B01
201100056637;0;1;0;0.0;2.0;1.0;1.0;B01
201100056658;0;1;0;0.0;9.0;7.0;14.0;B01
201100056659;0;1;0;1.0;0.0;1.0;1.0;B01
201100056963;0;1;0;0.0;0.0;6.0;1.0;B01
201100057234;0;1;0;0.0;1.0;3.0;18.0;A01
201100057244;0;1;0;0.0;2.0;1.0;1.0;B01
201100057247;0;1;0;0.0;2.0;1.0;1.0;B01
201100057247;0;1;0;0.0;2.0;1.0;1.0;A01
201100057252;0;1;0;1.0;0.0;1.0;1.0;A01
201100057256;0;1;0;0.0;2.0;4.0;2.0;A01
201100057258;0;1;0;0.0;2.0;8.0;1.0;B01
201100057262;0;1;0;0.0;0.0;1.0;17.0;B01
201100057263;0;1;0;0.0;0.0;2.0;9.0;A01
201100057270;0;1;0;0.0;2.0;4.0;2.0;B01
201100057287;0;1;0;0.0;2.0;8.0;2.0;B01
201100057310;0;1;0;0.0;2.0;0.0;15.0;B01
201100057311;0;1;0;1.0;0.0;1.0;1.0;B01
201100057312;0;1;0;0.0;1.0;2.0;1.0;A01
201100057316;0;1;0;1.0;0.0;7.0;1.0;B01
201100057811;0;1;0;0.0;2.0;1.0;11.0;A01
201100057823;0;1;0;0.0;1.0;1.0;1.0;A01
201100057839;0;1;0;0.0;2.0;1.0;1.0;B01
201100057841;0;1;0;0.0;2.0;7.0;7.0;B01
201100057842;1;1;0;0.0;1.0;3.0;1.0;Z01
201100057850;0;1;0;0.0;1.0;1.0;1.0;A01
201100057851;0;1;0;0.0;2.0;0.0;1.0;B01
201100057870;0;1;0;0.0;2.0;2.0;17.0;B01
201100057877;0;1;0;0.0;0.0;6.0;13.0;A01
201100057880;0;1;0;0.0;0.0;0.0;1.0;A01
201100057885;0;1;0;0.0;1.0;1.0;1.0;A01
201100057887;0;1;0;0.0;2.0;6.0;17.0;B01
201100057890;0;1;0;0.0;2.0;7.0;1.0;A01
201100057892;0;1;0;0.0;2.0;1.0;15.0;B01
201100057895;0;1;0;0.0;2.0;1.0;2.0;A01
201100057897;0;1;0;0.0;2.0;1.0;1.0;B01
201100057908;0;1;0;0.0;2.0;1.0;2.0;B01
201100057919;0;1;0;0.0;1.0;0.0;1.0;A01
201100057925;0;1;0;0.0;2.0;1.0;1.0;B01
201100057932;0;1;0;0.0;2.0;3.0;15.0;B01
201100057933;0;1;0;0.0;2.0;2.0;17.0;A01
201100057935;0;1;0;0.0;2.0;8.0;1.0;B01
201100057939;0;1;0;0.0;0.0;8.0;1.0;B01
201100057943;0;1;0;0.0;1.0;1.0;1.0;A01
201100057947;0;1;0;0.0;2.0;5.0;5.0;A01
201100057950;0;1;0;0.0;2.0;8.0;15.0;B01
201100057975;0;1;0;0.0;2.0;3.0;9.0;A01
201100057990;0;1;0;0.0;2.0;2.0;1.0;B01
201100058001;0;1;0;0.0;2.0;2.0;1.0;A01
201100058006;0;1;0;0.0;2.0;0.0;23.0;B01
201100058008;0;1;0;0.0;2.0;2.0;1.0;A01
201100058027;0;1;0;0.0;2.0;8.0;7.0;B01
201100058052;0;1;0;0.0;2.0;1.0;1.0;B01
201100058061;0;1;0;0.0;2.0;1.0;5.0;A01