Num_Acc;senc;catv;occutc;obs;obsm;choc;manv;num_veh
201100058062;1;1;0;0.0;0.0;6.0;7.0;A01
201100058067;0;1;0;0.0;0.0;8.0;18.0;A01
201100058077;0;1;0;0.0;2.0;8.0;15.0;A01
201100058114;0;1;0;0.0;0.0;0.0;1.0;A01
201100058134;0;1;0;0.0;2.0;1.0;7.0;B01
201100058135;0;1;0;0.0;1.0;1.0;1.0;A01
201100058141;0;1;0;0.0;2.0;1.0;19.0;B01
201100058145;0;1;0;0.0;1.0;1.0;1.0;A01
201100058150;0;1;0;0.0;2.0;1.0;18.0;A01
201100058151;0;1;0;0.0;0.0;8.0;15.0;A01
201100058157;0;1;0;0.0;1.0;2.0;1.0;A01
201100058194;0;1;0;0.0;0.0;2.0;7.0;B01
201100058197;0;1;0;0.0;2.0;1.0;1.0;B01
201100058200;0;1;0;0.0;2.0;8.0;7.0;A01
201100058207;0;1;0;0.0;2.0;0.0;1.0;B01
201100058217;0;1;0;0.0;0.0;7.0;1.0;A01
201100058218;0;1;0;0.0;2.0;7.0;16.0;A01
201100058226;0;1;0;0.0;2.0;2.0;7.0;B01
201100058248;0;1;0;0.0;2.0;8.0;19.0;B01
201100058250;0;1;0;1.0;0.0;2.0;17.0;B01
201100058255;0;1;0;0.0;1.0;1.0;1.0;A01
201100058258;0;1;0;0.0;2.0;1.0;1.0;B01
201100058260;0;1;0;0.0;0.0;0.0;21.0;A01
201100058262;0;1;0;15.0;2.0;1.0;7.0;B01
201100058274;0;1;0;0.0;2.0;3.0;7.0;B01
201100058287;0;1;0;0.0;1.0;0.0;1.0;A01
201100058289;0;1;0;0.0;2.0;0.0;1.0;B01
201100058289;0;1;0;0.0;2.0;0.0;1.0;A01
201100058302;0;1;0;12.0;2.0;3.0;17.0;B01
201100058303;0;1;0;0.0;2.0;4.0;5.0;A01
201100058314;0;1;0;0.0;0.0;4.0;16.0;B01
201100058322;0;1;0;0.0;2.0;8.0;1.0;B01
201100058325;0;1;0;0.0;2.0;4.0;1.0;A01
201100058328;0;1;0;0.0;2.0;1.0;7.0;A01
201100058337;0;1;0;0.0;2.0;1.0;5.0;B01
201100058340;0;1;0;0.0;0.0;7.0;16.0;B01
201100058341;0;1;0;0.0;2.0;4.0;2.0;B01
201100058342;0;1;0;0.0;2.0;4.0;13.0;B01
201100058349;0;1;0;14.0;0.0;1.0;13.0;A01
201100058370;0;1;0;0.0;2.0;8.0;15.0;B01
201100058372;0;1;0;0.0;1.0;1.0;1.0;A01
201100058391;0;1;0;0.0;2.0;4.0;2.0;A01
201100058392;0;1;0;0.0;2.0;1.0;7.0;B01
201100058400;0;1;0;0.0;1.0;1.0;7.0;A01
201100058402;0;1;0;0.0;2.0;8.0;15.0;B01
201100058416;0;1;0;0.0;1.0;1.0;1.0;A01
201100058417;0;1;0;0.0;0.0;1.0;5.0;B01
201100058417;0;1;0;0.0;0.0;1.0;15.0;A01
201100058418;0;1;0;0.0;0.0;0.0;2.0;A01
201100058429;2;1;0;0.0;1.0;2.0;7.0;Z01
201100058440;0;1;0;0.0;0.0;8.0;1.0;B01
201100058442;0;1;0;1.0;0.0;1.0;1.0;B01
201100058444;0;1;0;0.0;2.0;1.0;1.0;B01
201100058445;0;1;0;0.0;9.0;8.0;19.0;B01
201100058453;0;1;0;0.0;0.0;1.0;1.0;A01
201100058460;0;1;0;0.0;2.0;3.0;7.0;B01
201100058461;0;1;0;0.0;1.0;1.0;5.0;A01
201100058463;0;1;0;0.0;0.0;1.0;7.0;A01
201100058470;0;1;0;0.0;2.0;3.0;1.0;B01
201100058480;0;1;0;0.0;2.0;8.0;13.0;B01
201100058482;0;1;0;0.0;2.0;3.0;13.0;A01
201100058484;0;1;0;0.0;1.0;8.0;17.0;A01
201100058494;0;1;0;0.0;2.0;4.0;1.0;B01
201100058503;0;1;0;0.0;2.0;1.0;1.0;B01
201100058504;0;1;0;0.0;2.0;1.0;2.0;A01
201100058505;0;1;0;0.0;2.0;8.0;7.0;B01
201100058509;0;1;0;0.0;0.0;1.0;1.0;B01
201100058513;0;1;0;0.0;2.0;8.0;7.0;B01
201100058515;0;1;0;0.0;1.0;1.0;1.0;A01
201100058516;0;1;0;0.0;2.0;7.0;18.0;B01
201100058519;0;1;0;0.0;1.0;0.0;1.0;A01
201100058521;0;1;0;0.0;2.0;8.0;7.0;A01
201100058522;0;1;0;0.0;2.0;1.0;7.0;B01
201100058522;0;1;0;0.0;2.0;1.0;7.0;C01
201100058533;0;1;0;1.0;0.0;8.0;1.0;B01
201100058535;0;1;0;0.0;2.0;1.0;7.0;B01
201100058545;0;1;0;0.0;2.0;1.0;1.0;B01
201100058551;0;1;0;0.0;1.0;7.0;1.0;A01
201100058574;0;1;0;0.0;2.0;1.0;23.0;B01
201100058574;0;1;0;0.0;2.0;4.0;2.0;A01
201100058579;0;1;0;0.0;2.0;2.0;1.0;A01
201100058598;0;1;0;0.0;2.0;8.0;7.0;B01
201100058599;0;1;0;0.0;2.0;4.0;7.0;A01
201100058614;0;1;0;0.0;2.0;1.0;7.0;B01
201100058631;0;1;0;0.0;0.0;8.0;16.0;B01
201100058654;0;1;0;0.0;2.0;8.0;15.0;A01
201100058655;0;1;0;0.0;2.0;2.0;1.0;B01
201100058679;0;1;0;0.0;1.0;1.0;5.0;A01
201100058680;0;1;0;1.0;2.0;1.0;1.0;B01
201100058681;0;1;0;1.0;0.0;1.0;7.0;A01
201100058682;0;1;0;0.0;2.0;1.0;1.0;A01
201100058685;0;1;0;0.0;2.0;3.0;13.0;A01
201100058690;0;1;0;0.0;2.0;1.0;1.0;A01
201100058691;0;1;0;0.0;1.0;1.0;7.0;A01
201100058692;0;1;0;1.0;0.0;1.0;1.0;B01
201100058717;0;1;0;0.0;2.0;0.0;1.0;B01
201100058722;0;1;0;0.0;2.0;8.0;15.0;A01
201100058723;0;1;0;0.0;2.0;7.0;1.0;A01
201100058729;0;1;0;0.0;2.0;1.0;1.0;B01
201100058730;0;1;0;0.0;2.0;8.0;18.0;B01
201100058757;0;1;0;0.0;2.0;4.0;15.0;A01
201100058758;0;1;0;0.0;2.0;4.0;2.0;B01
201100058765;0;1;0;0.0;0.0;0.0;1.0;A01
201100058784;0;1;0;0.0;2.0;2.0;1.0;B01
201100058806;0;1;0;0.0;2.0;1.0;7.0;A01
201100058807;0;1;0;0.0;0.0;0.0;1.0;A01
201100058811;0;1;0;0.0;2.0;6.0;1.0;B01
201100058815;0;1;0;0.0;2.0;8.0;1.0;B01
201100058818;0;1;0;0.0;9.0;1.0;1.0;A01
201100058832;0;1;0;15.0;0.0;0.0;1.0;A01
201100058849;0;1;0;0.0;2.0;0.0;19.0;A01
201100058856;0;1;0;0.0;1.0;1.0;1.0;A01
201100058865;0;1;0;0.0;2.0;1.0;1.0;B01
201100058867;0;1;0;0.0;0.0;0.0;1.0;A01
201100058875;0;1;0;0.0;1.0;1.0;1.0;A01
201100058878;0;1;0;0.0;2.0;6.0;1.0;A01
201100058881;0;1;0;0.0;2.0;8.0;1.0;B01
201100058886;0;1;0;0.0;2.0;4.0;1.0;B01
201100058890;0;1;0;0.0;2.0;3.0;15.0;B01
201100058894;0;1;0;0.0;2.0;1.0;2.0;A01
201100058902;0;1;0;0.0;2.0;1.0;17.0;A01
201100058913;0;1;0;15.0;2.0;7.0;1.0;B01
201100058939;0;1;0;0.0;0.0;1.0;1.0;B01
201100058953;0;1;0;0.0;2.0;2.0;1.0;B01
201100058960;0;1;0;0.0;2.0;1.0;1.0;B01
201100058980;0;1;0;0.0;2.0;7.0;19.0;B01
201100058998;0;1;0;0.0;2.0;1.0;1.0;B01
201100059002;0;1;0;0.0;2.0;1.0;1.0;A01
201100059016;0;1;0;0.0;2.0;7.0;1.0;B01
201100059018;0;1;0;0.0;2.0;7.0;13.0;B01
201100059040;0;1;0;0.0;0.0;0.0;1.0;A01
201100059063;0;1;0;0.0;2.0;6.0;2.0;B01
201100059064;0;1;0;0.0;2.0;4.0;13.0;B01
201100059074;0;1;0;0.0;2.0;1.0;7.0;B01
201100059077;0;1;0;0.0;2.0;1.0;19.0;A01
201100059091;0;1;0;0.0;2.0;8.0;1.0;B01
201100059111;0;1;0;0.0;2.0;2.0;19.0;B01
201100059113;0;1;0;0.0;2.0;3.0;2.0;B01
201100059130;0;1;0;0.0;1.0;1.0;21.0;A01
201100059133;0;1;0;0.0;0.0;0.0;19.0;B01
201100059137;0;1;0;0.0;0.0;7.0;1.0;A01
201100059140;0;1;0;0.0;2.0;1.0;1.0;B01
201100059143;0;1;0;0.0;0.0;3.0;21.0;A01
201100059149;0;1;0;0.0;0.0;0.0;1.0;A01
201100059156;0;1;0;0.0;2.0;8.0;1.0;A01
201100059165;0;1;0;0.0;2.0;2.0;5.0;A01
201100059167;0;1;0;0.0;2.0;6.0;7.0;B01
201100059174;0;1;0;0.0;2.0;8.0;7.0;B01
201100059175;0;1;0;0.0;0.0;0.0;1.0;A01
201100059182;0;1;0;0.0;2.0;6.0;1.0;C01
201100059187;0;1;0;0.0;2.0;1.0;1.0;A01
201100059210;0;1;0;0.0;2.0;8.0;13.0;B01
201100059212;0;1;0;0.0;2.0;7.0;1.0;B01
201100059215;0;1;0;0.0;1.0;1.0;1.0;A01
201100059223;0;1;0;0.0;2.0;4.0;1.0;B01
201100059236;0;1;0;0.0;0.0;0.0;1.0;A01
201100059245;0;1;0;0.0;1.0;7.0;1.0;A01
201100059246;0;1;0;0.0;2.0;1.0;1.0;B01
201100059255;0;1;0;0.0;2.0;2.0;1.0;A01
201100059263;0;1;0;0.0;2.0;8.0;23.0;B01
201100059266;0;1;0;1.0;0.0;1.0;1.0;B01
201100059298;0;1;0;0.0;1.0;1.0;1.0;A01
201100059321;0;1;0;0.0;2.0;8.0;18.0;A01
201100059339;0;1;0;0.0;2.0;1.0;1.0;B01
201100059340;0;1;0;0.0;2.0;4.0;2.0;B01
201100059355;0;1;0;0.0;2.0;7.0;13.0;B01
201100059385;0;1;0;0.0;1.0;1.0;1.0;A01
201100059395;0;1;0;0.0;2.0;1.0;5.0;A01
201100059397;0;1;0;0.0;0.0;0.0;1.0;B01
201100059400;0;1;0;0.0;1.0;0.0;5.0;A01
201100059405;0;1;0;0.0;0.0;0.0;1.0;A01
201100059410;0;1;0;0.0;2.0;3.0;14.0;A01
201100059415;0;1;0;0.0;2.0;7.0;5.0;A01
201100059416;0;1;0;0.0;2.0;1.0;1.0;B01
201100059418;0;1;0;0.0;2.0;6.0;1.0;A01
201100059428;0;1;0;0.0;2.0;8.0;1.0;B01
201100059431;0;1;0;0.0;2.0;1.0;2.0;A01
201100059445;0;1;0;0.0;2.0;0.0;1.0;B01
201100059450;0;1;0;0.0;2.0;1.0;15.0;B01
201100059452;0;1;0;0.0;2.0;1.0;7.0;B01
201100059465;0;1;0;14.0;0.0;1.0;11.0;A01
201100059488;0;1;0;1.0;0.0;7.0;1.0;B01
201100059495;0;1;0;0.0;1.0;1.0;5.0;A01
201100059519;0;1;0;0.0;2.0;5.0;18.0;A01
201100059533;0;1;0;0.0;2.0;0.0;12.0;A01
201100059536;0;1;0;0.0;1.0;1.0;1.0;A01
201100059545;0;1;0;1.0;0.0;7.0;7.0;A01
201100059553;0;1;0;0.0;2.0;1.0;1.0;B01
201100059568;0;1;0;0.0;1.0;1.0;1.0;A01
201100059599;0;1;0;0.0;0.0;0.0;1.0;A01
201100059604;0;1;0;0.0;2.0;1.0;1.0;A01
201100059605;0;1;0;0.0;2.0;1.0;1.0;A01
201100059607;0;1;0;0.0;1.0;1.0;7.0;A01
201100059611;0;1;0;0.0;2.0;3.0;7.0;B01
201100059617;0;1;0;0.0;2.0;1.0;1.0;B01
201100059623;0;1;0;0.0;2.0;2.0;1.0;A01
201100059624;0;1;0;0.0;1.0;1.0;5.0;A01
201100059631;0;1;0;0.0;0.0;0.0;1.0;A01
201100059639;0;1;0;0.0;1.0;3.0;1.0;A01
201100059645;0;1;0;0.0;2.0;1.0;18.0;B01
201100059667;0;1;0;0.0;1.0;1.0;5.0;A01
201100059669;0;1;0;0.0;2.0;8.0;1.0;C01
201100059671;1;1;0;0.0;1.0;0.0;1.0;Z01
201100059676;0;1;0;0.0;2.0;2.0;1.0;B01
201100059678;0;1;0;0.0;2.0;3.0;1.0;B01
201100059692;0;1;0;0.0;2.0;1.0;1.0;B01
201100059693;0;1;0;0.0;0.0;0.0;1.0;A01
201100059701;0;1;0;0.0;2.0;8.0;1.0;B01
201100059702;0;1;0;0.0;0.0;1.0;21.0;A01
201100059704;0;1;0;0.0;0.0;0.0;1.0;A01
201100059705;0;1;0;0.0;2.0;4.0;2.0;A01
201100059710;1;1;0;0.0;2.0;1.0;5.0;Z01
201100059710;0;1;0;0.0;2.0;1.0;7.0;A01
201100059716;0;1;0;0.0;0.0;7.0;16.0;B01
201100059723;0;1;0;0.0;2.0;1.0;1.0;B01
201100059729;0;1;0;0.0;2.0;1.0;1.0;B01
201100059730;0;1;0;0.0;1.0;1.0;1.0;A01
201100059741;0;1;0;0.0;2.0;4.0;14.0;B01
201100059743;0;1;0;0.0;2.0;4.0;7.0;A01
201100059756;0;1;0;14.0;2.0;3.0;13.0;A01
201100059770;0;1;0;14.0;2.0;3.0;2.0;A01
201100059778;0;1;0;0.0;2.0;8.0;15.0;B01
201100059781;0;1;0;0.0;0.0;0.0;21.0;A01
201100059782;0;1;0;0.0;2.0;4.0;1.0;A01
201100059783;0;1;0;0.0;2.0;3.0;1.0;B01
201100059803;0;1;0;0.0;2.0;7.0;1.0;B01
201100059805;1;1;0;0.0;1.0;7.0;1.0;A01
201100059811;0;1;0;0.0;2.0;4.0;13.0;B01
201100059814;0;1;0;0.0;2.0;8.0;7.0;B01
201100059831;0;1;0;0.0;2.0;5.0;1.0;B01
201100059835;0;1;0;0.0;2.0;1.0;7.0;A01
201100059848;0;1;0;0.0;1.0;1.0;1.0;A01
201100059864;0;1;0;0.0;1.0;1.0;1.0;A01
201100059876;0;1;0;0.0;2.0;1.0;1.0;B01
201100059881;0;1;0;1.0;0.0;1.0;1.0;B01
201100059890;0;1;0;0.0;2.0;4.0;17.0;B01
201100059893;0;1;0;0.0;2.0;1.0;1.0;B01
201100059896;0;1;0;0.0;2.0;4.0;2.0;B01
201100059900;0;1;0;0.0;1.0;1.0;1.0;A01
201100059913;0;1;0;0.0;2.0;2.0;1.0;A01
201100059922;0;1;0;0.0;2.0;1.0;1.0;B01
201100059929;0;1;0;0.0;2.0;1.0;1.0;B01
201100059930;0;1;0;0.0;1.0;8.0;1.0;A01
201100059937;0;1;0;0.0;1.0;8.0;1.0;A01
201100059940;0;1;0;0.0;1.0;1.0;1.0;A01
201100059952;0;1;0;0.0;2.0;1.0;1.0;B01
201100059958;0;1;0;0.0;2.0;1.0;1.0;B01
201100059971;0;1;0;0.0;2.0;1.0;1.0;B01
201100059973;0;1;0;0.0;1.0;1.0;1.0;A01
201100059979;0;1;0;0.0;0.0;0.0;1.0;A01
201100059989;0;1;0;0.0;0.0;4.0;1.0;B01
201100059992;0;1;0;0.0;0.0;0.0;1.0;A01
201100060002;0;1;0;0.0;2.0;1.0;2.0;A01
201100060007;0;1;0;0.0;2.0;8.0;13.0;B01
201100060009;0;1;0;0.0;2.0;1.0;15.0;A01
201100060011;0;1;0;0.0;2.0;2.0;1.0;A01
201100060012;0;1;0;0.0;2.0;1.0;7.0;A01
201100060012;0;1;0;0.0;2.0;5.0;19.0;B01
201100060022;0;1;0;0.0;2.0;1.0;18.0;B01
201100060025;0;1;0;0.0;2.0;8.0;1.0;A01
201100060032;0;1;0;0.0;2.0;6.0;10.0;A01
201100060043;0;1;0;0.0;2.0;2.0;1.0;B01
201100060054;0;1;0;0.0;2.0;3.0;1.0;A01
201100060055;0;1;0;0.0;2.0;1.0;15.0;B01
201100060057;0;1;0;0.0;2.0;4.0;23.0;B01
201100060059;0;1;0;1.0;0.0;2.0;1.0;B01
201100060060;0;1;0;0.0;0.0;0.0;21.0;A01
201100060076;0;1;0;0.0;2.0;7.0;15.0;A01
201100060085;0;1;0;1.0;0.0;2.0;1.0;B01
201100060089;0;1;0;1.0;2.0;3.0;1.0;A01
201100060097;0;1;0;0.0;1.0;1.0;1.0;A01
201100060098;0;1;0;0.0;2.0;4.0;2.0;B01
201100060103;0;1;0;0.0;2.0;2.0;18.0;B01
201100060104;0;1;0;0.0;2.0;2.0;1.0;B01
201100060106;0;1;0;0.0;1.0;1.0;1.0;A01
201100060108;0;1;0;0.0;2.0;1.0;1.0;B01
201100060109;0;1;0;0.0;2.0;1.0;1.0;A01
201100060111;0;1;0;0.0;2.0;6.0;19.0;A01
201100060121;0;1;0;0.0;2.0;6.0;9.0;A01
201100060142;0;1;0;0.0;2.0;4.0;2.0;B01
201100060145;0;1;0;0.0;2.0;4.0;2.0;B01
201100060176;0;1;0;0.0;2.0;1.0;16.0;B01
201100060178;0;1;0;0.0;2.0;8.0;18.0;B01
201100060179;0;1;0;0.0;2.0;1.0;1.0;B01
201100060182;0;1;0;0.0;2.0;1.0;1.0;B01
201100060186;0;1;0;0.0;2.0;3.0;15.0;A01
201100060189;0;1;0;0.0;0.0;4.0;15.0;B01
201100060193;0;1;0;0.0;2.0;6.0;15.0;A01
201100060197;0;1;0;0.0;0.0;2.0;1.0;B01
201100060202;0;1;0;0.0;2.0;3.0;16.0;A01
201100060203;0;1;0;0.0;2.0;0.0;23.0;B01
201100060208;0;1;0;0.0;1.0;2.0;5.0;A01
201100060210;0;1;0;0.0;2.0;1.0;1.0;B01
201100060218;0;1;0;0.0;2.0;1.0;1.0;A01
201100060236;0;1;0;0.0;2.0;1.0;1.0;A01
201100060240;0;1;0;0.0;2.0;8.0;2.0;A01
201100060244;0;1;0;0.0;1.0;1.0;1.0;A01
201100060246;0;1;0;0.0;1.0;1.0;1.0;A01
201100060251;0;1;0;0.0;2.0;1.0;16.0;A01
201100060260;0;1;0;0.0;0.0;0.0;21.0;A01
201100060261;0;1;0;0.0;2.0;2.0;1.0;B01
201100060265;0;1;0;1.0;0.0;1.0;14.0;A01
201100060275;0;1;0;0.0;2.0;4.0;1.0;B01
201100060278;0;1;0;0.0;2.0;7.0;1.0;A01
201100060279;0;1;0;0.0;2.0;1.0;1.0;B01
201100060297;0;1;0;0.0;2.0;4.0;19.0;A01
201100060298;0;1;0;0.0;2.0;0.0;1.0;B01
201100060306;0;1;0;0.0;0.0;8.0;21.0;A01
201100060307;0;1;0;0.0;2.0;3.0;1.0;A01
201100060309;0;1;0;0.0;2.0;0.0;1.0;B01
201100060319;0;1;0;0.0;2.0;0.0;1.0;B01
201100060319;0;1;0;0.0;2.0;0.0;21.0;A01
201100060333;0;1;0;0.0;2.0;1.0;2.0;A01
201100060333;0;1;0;0.0;2.0;4.0;2.0;B01
201100060335;0;1;0;0.0;2.0;1.0;1.0;B01
201100060360;0;1;0;1.0;2.0;1.0;1.0;B01
201100060383;0;1;0;0.0;2.0;0.0;1.0;B01
201100060389;0;1;0;0.0;2.0;0.0;1.0;A01
201100060408;0;1;0;0.0;0.0;0.0;21.0;A01
201100060416;0;1;0;0.0;0.0;4.0;19.0;B01
201100060427;0;1;0;15.0;0.0;1.0;21.0;A01
201100060430;0;1;0;0.0;2.0;7.0;1.0;B01
201100060434;0;1;0;0.0;0.0;0.0;21.0;A01
201100060442;0;1;0;0.0;2.0;3.0;1.0;B01
201100060444;0;1;0;0.0;2.0;3.0;18.0;B01
201100060456;0;1;0;0.0;2.0;7.0;1.0;A01
201100060469;0;1;0;0.0;0.0;0.0;21.0;A01
201100060475;0;1;0;0.0;2.0;3.0;15.0;B01
201100060478;0;1;0;0.0;2.0;2.0;1.0;B01
201100060480;0;1;0;0.0;1.0;1.0;1.0;A01
201100060496;0;1;0;0.0;0.0;8.0;15.0;B01
201100060505;0;1;0;0.0;0.0;7.0;17.0;B01
201100060510;0;1;0;0.0;0.0;0.0;21.0;A01
201100060514;0;1;0;0.0;2.0;3.0;15.0;A01
201100060537;0;1;0;0.0;2.0;7.0;17.0;A01
201100060540;0;1;0;0.0;2.0;8.0;19.0;A01
201100060557;0;1;0;0.0;2.0;1.0;1.0;B01
201100060568;0;1;0;0.0;2.0;1.0;1.0;B01
201100060571;0;1;0;12.0;0.0;1.0;13.0;A01
201100060578;0;1;0;10.0;0.0;1.0;13.0;A01
201100060597;1;1;0;0.0;2.0;4.0;14.0;Z01
201100060597;0;1;0;0.0;2.0;1.0;1.0;A01
201100060601;0;1;0;0.0;2.0;3.0;1.0;A01
201100060601;0;1;0;0.0;2.0;7.0;10.0;B01
201100060621;0;1;0;0.0;2.0;4.0;10.0;B01
201100060626;0;1;0;1.0;0.0;1.0;1.0;B01
201100060627;0;1;0;0.0;2.0;1.0;2.0;C01
201100060627;0;1;0;0.0;2.0;1.0;2.0;B01
201100060627;0;1;0;0.0;2.0;6.0;2.0;A01
201100060628;0;1;0;0.0;2.0;7.0;1.0;B01
201100060635;0;1;0;0.0;2.0;4.0;11.0;B01
201100060641;0;1;0;0.0;2.0;3.0;1.0;B01
201100060647;0;1;0;0.0;2.0;1.0;1.0;B01
201100060647;0;1;0;0.0;2.0;3.0;0.0;A01
201100060657;0;1;0;0.0;2.0;1.0;1.0;B01
201100060659;0;1;0;1.0;0.0;1.0;1.0;B01
201100060664;0;1;0;0.0;0.0;2.0;1.0;A01
201100060669;0;1;0;0.0;9.0;4.0;14.0;A01
201100060669;0;1;0;0.0;2.0;1.0;1.0;B01
201100060671;0;1;0;0.0;2.0;1.0;1.0;B01
201100060689;0;1;0;0.0;1.0;5.0;1.0;A01
201100060693;0;1;0;0.0;2.0;1.0;1.0;B01
201100060693;0;1;0;0.0;2.0;1.0;9.0;A01
201100060696;1;1;0;0.0;2.0;0.0;15.0;Z01
201100060696;0;1;0;0.0;2.0;7.0;17.0;A01
201100060711;0;1;0;0.0;2.0;4.0;2.0;B01
201100060712;0;1;0;0.0;1.0;1.0;1.0;A01
201100060716;0;1;0;0.0;2.0;1.0;19.0;B01
201100060718;0;1;0;0.0;2.0;1.0;13.0;A01
201100060718;0;1;0;0.0;2.0;1.0;1.0;B01
201100060720;0;1;0;1.0;2.0;4.0;1.0;B01
201100060722;0;1;0;0.0;0.0;0.0;21.0;A01
201100060732;0;1;0;0.0;2.0;3.0;1.0;B01
201100060734;0;1;0;0.0;0.0;1.0;1.0;A01
201100060737;0;1;0;1.0;2.0;4.0;1.0;A01
201100060751;0;1;0;0.0;2.0;7.0;1.0;B01
201100060790;0;1;0;0.0;1.0;1.0;1.0;A01
201100060795;0;1;0;0.0;2.0;7.0;19.0;A01
201100060799;0;1;0;0.0;2.0;8.0;9.0;A01
201100060803;1;1;0;0.0;2.0;1.0;19.0;Z01
201100060812;0;1;0;0.0;2.0;8.0;1.0;B01
201100060841;0;1;0;0.0;2.0;4.0;15.0;B01
201100060846;0;1;0;0.0;2.0;0.0;19.0;B01
201100060849;0;1;0;0.0;1.0;1.0;1.0;A01
201100060856;0;1;0;0.0;1.0;7.0;0.0;B01
201100060858;0;1;0;0.0;0.0;0.0;1.0;A01
201100060861;0;1;0;0.0;2.0;4.0;3.0;A01
201100060866;0;1;0;0.0;2.0;1.0;1.0;A01
201100060868;0;1;0;0.0;2.0;3.0;2.0;B01
201100060869;0;1;0;0.0;0.0;0.0;1.0;A01
201100060875;0;1;0;0.0;2.0;0.0;13.0;A01
201100060886;0;1;0;0.0;0.0;2.0;21.0;A01
201100060902;0;1;0;0.0;2.0;1.0;1.0;B01
201100060912;0;1;0;0.0;2.0;1.0;2.0;A01
201100060919;0;1;0;0.0;1.0;1.0;1.0;A01
201100060920;0;1;0;0.0;1.0;1.0;1.0;A01
201100060921;0;1;0;0.0;2.0;5.0;1.0;A01
201100060926;0;1;0;0.0;2.0;2.0;1.0;A01
201100060935;0;1;0;0.0;2.0;1.0;1.0;B01
201100060939;0;1;0;0.0;0.0;0.0;1.0;A01
201100060946;0;1;0;0.0;2.0;7.0;1.0;A01
201100060957;0;1;0;0.0;2.0;2.0;1.0;B01
201100060968;0;1;0;0.0;2.0;8.0;19.0;B01
201100060972;0;1;0;0.0;2.0;1.0;1.0;A01
201100060987;0;1;0;0.0;0.0;0.0;1.0;A01
201100061014;0;1;0;0.0;2.0;4.0;1.0;B01
201100061019;0;1;0;0.0;2.0;1.0;15.0;A01
201100061031;0;1;0;0.0;2.0;1.0;7.0;B01
201100061067;0;1;0;0.0;1.0;1.0;1.0;A01
201100061069;0;1;0;0.0;2.0;3.0;7.0;B01
201100061095;0;1;0;0.0;2.0;2.0;1.0;B01
201100061099;0;1;0;0.0;2.0;2.0;1.0;B01
201100061100;0;1;0;0.0;2.0;2.0;1.0;B01
201100061115;0;1;0;0.0;2.0;8.0;18.0;B01
201100061136;0;1;0;1.0;0.0;3.0;14.0;A01
201100061168;0;1;0;0.0;2.0;2.0;1.0;B01
201100061187;0;1;0;0.0;2.0;6.0;7.0;B01
201100061188;0;1;0;0.0;2.0;7.0;7.0;B01
201100061189;0;1;0;0.0;2.0;1.0;1.0;B01
201100061191;0;1;0;0.0;0.0;0.0;21.0;A01
201100061201;0;1;0;0.0;2.0;3.0;1.0;B01
201100061205;0;1;0;0.0;2.0;0.0;7.0;B01
201100061229;0;1;0;0.0;2.0;8.0;1.0;B01
201100061234;0;1;0;0.0;2.0;7.0;1.0;B01
201100061235;0;1;0;0.0;2.0;8.0;1.0;B01
201100061237;0;1;0;0.0;2.0;1.0;1.0;B01
201100061254;0;1;0;0.0;2.0;7.0;1.0;B01
201100061256;0;1;0;0.0;1.0;1.0;1.0;A01
201100061258;0;1;0;0.0;2.0;0.0;11.0;B01
201100061260;0;1;0;0.0;2.0;8.0;1.0;B01
201100061261;0;1;0;0.0;1.0;1.0;1.0;A01
201100061262;0;1;0;1.0;0.0;8.0;19.0;B01
201100061266;0;1;0;0.0;2.0;1.0;1.0;B01
201100061272;0;1;0;0.0;2.0;1.0;1.0;C01
201100061272;0;1;0;0.0;2.0;0.0;1.0;D01
201100061282;0;1;0;0.0;0.0;4.0;1.0;A01
201100061285;0;1;0;0.0;2.0;1.0;1.0;A01
201100061308;0;1;0;0.0;2.0;3.0;1.0;B01
201100061310;0;1;0;0.0;2.0;8.0;19.0;A01
201100061322;0;1;0;0.0;0.0;0.0;1.0;A01
201100061323;0;1;0;0.0;2.0;8.0;1.0;B01
201100061328;0;1;0;12.0;2.0;1.0;12.0;B01
201100061336;0;1;0;0.0;2.0;3.0;13.0;B01
201100061340;0;1;0;0.0;2.0;1.0;16.0;B01