Num_Acc;senc;catv;occutc;obs;obsm;choc;manv;num_veh
201100061354;0;1;0;0.0;2.0;7.0;1.0;A01
201100061357;0;1;0;0.0;0.0;7.0;19.0;B01
201100061359;0;1;0;0.0;2.0;1.0;1.0;A01
201100061365;0;1;0;0.0;2.0;1.0;1.0;B01
201100061375;0;1;0;0.0;2.0;1.0;15.0;B01
201100061406;0;1;0;0.0;0.0;1.0;1.0;B01
201100061444;0;1;0;0.0;2.0;2.0;1.0;A01
201100061453;0;1;0;0.0;1.0;1.0;16.0;A01
201100061462;0;1;0;0.0;1.0;1.0;1.0;A01
201100061467;0;1;0;0.0;1.0;1.0;1.0;A01
201100061474;0;1;0;0.0;2.0;7.0;17.0;A01
201100061480;0;1;0;0.0;2.0;1.0;15.0;B01
201100061481;0;1;0;0.0;2.0;0.0;1.0;A01
201100061484;0;1;0;0.0;2.0;0.0;19.0;A01
201100061493;0;1;0;0.0;2.0;3.0;1.0;B01
201100061503;0;1;0;0.0;2.0;1.0;1.0;C01
201100061504;0;1;0;0.0;2.0;1.0;1.0;A01
201100061536;0;1;0;0.0;1.0;1.0;16.0;A01
201100061548;0;1;0;0.0;0.0;0.0;21.0;A01
201100061549;0;1;0;1.0;0.0;0.0;1.0;B01
201100061553;0;1;0;0.0;2.0;7.0;14.0;A01
201100061555;0;1;0;0.0;2.0;8.0;19.0;B01
201100061565;0;1;0;0.0;2.0;1.0;1.0;A01
201100061593;0;1;0;0.0;0.0;4.0;15.0;B01
201100061597;0;1;0;0.0;2.0;1.0;1.0;A01
201100061600;0;1;0;0.0;2.0;1.0;1.0;A01
201100061603;0;1;0;0.0;2.0;1.0;1.0;B01
201100061613;0;1;0;0.0;2.0;1.0;1.0;A01
201100061623;0;1;0;0.0;2.0;1.0;21.0;A01
201100061633;0;1;0;0.0;2.0;1.0;2.0;B01
201100061636;0;1;0;0.0;2.0;1.0;1.0;A01
201100061647;0;1;0;8.0;0.0;0.0;21.0;A01
201100061651;0;1;0;0.0;2.0;2.0;1.0;B01
201100061653;0;1;0;0.0;1.0;1.0;1.0;A01
201100061654;1;1;0;0.0;1.0;1.0;5.0;Z01
201100061664;0;1;0;0.0;2.0;1.0;1.0;A01
201100061670;0;1;0;0.0;2.0;7.0;1.0;A01
201100061673;0;1;0;0.0;2.0;0.0;23.0;B01
201100061675;0;1;0;0.0;2.0;0.0;1.0;B01
201100061677;0;1;0;0.0;2.0;3.0;13.0;A01
201100061682;0;1;0;0.0;2.0;7.0;1.0;B01
201100061683;0;1;0;0.0;0.0;1.0;1.0;A01
201100061689;0;1;0;14.0;0.0;2.0;12.0;A01
201100061699;0;1;0;0.0;2.0;4.0;13.0;B01
201100061704;0;1;0;0.0;2.0;0.0;1.0;B01
201100061711;0;1;0;0.0;2.0;7.0;20.0;A01
201100061711;0;1;0;0.0;2.0;8.0;18.0;B01
201100061737;0;1;0;0.0;2.0;1.0;1.0;B01
201100061738;0;1;0;0.0;2.0;1.0;1.0;B01
201100061748;0;1;0;0.0;1.0;2.0;21.0;A01
201100061749;0;1;0;0.0;2.0;4.0;1.0;B01
201100061756;0;1;0;0.0;2.0;1.0;1.0;B01
201100061760;0;1;0;0.0;0.0;0.0;1.0;A01
201100061767;0;1;0;0.0;2.0;1.0;1.0;B01
201100061786;0;1;0;0.0;1.0;1.0;1.0;A01
201100061791;0;1;0;15.0;0.0;1.0;1.0;A01
201100061793;0;1;0;14.0;0.0;1.0;17.0;A01
201100061798;0;1;0;0.0;2.0;1.0;1.0;A01
201100061814;0;1;0;0.0;0.0;1.0;1.0;B01
201100061827;0;1;0;0.0;2.0;5.0;1.0;B01
201100061846;0;1;0;0.0;0.0;1.0;1.0;A01
201100061851;0;1;0;0.0;2.0;0.0;14.0;B01
201100061896;0;1;0;0.0;0.0;1.0;1.0;A01
201100061915;0;1;0;0.0;2.0;8.0;18.0;A01
201100061919;0;1;0;0.0;0.0;9.0;1.0;A01
201100061928;0;1;0;0.0;0.0;8.0;1.0;A01
201100061928;0;1;0;0.0;0.0;0.0;1.0;B01
201100061932;0;1;0;1.0;0.0;1.0;1.0;B01
201100061935;0;1;0;0.0;2.0;8.0;19.0;A01
201100061958;0;1;0;0.0;2.0;1.0;5.0;A01
201100061972;1;1;0;0.0;1.0;1.0;1.0;Z01
201100061973;0;1;0;0.0;0.0;1.0;1.0;A01
201100061974;0;1;0;0.0;0.0;1.0;1.0;A01
201100061975;0;1;0;0.0;2.0;4.0;2.0;B01
201100061986;0;1;0;0.0;2.0;1.0;2.0;A01
201100061986;0;1;0;0.0;2.0;4.0;2.0;B01
201100061988;0;1;0;0.0;2.0;1.0;17.0;B01
201100061998;0;1;0;0.0;0.0;2.0;1.0;A01
201100062001;0;1;0;0.0;2.0;2.0;1.0;B01
201100062011;0;1;0;0.0;2.0;1.0;7.0;B01
201100062011;0;1;0;0.0;2.0;7.0;14.0;A01
201100062028;0;1;0;0.0;2.0;1.0;1.0;B01
201100062043;0;1;0;0.0;1.0;8.0;1.0;A01
201100062058;0;1;0;0.0;2.0;7.0;1.0;B01
201100062072;0;1;0;0.0;2.0;4.0;1.0;A01
201100062086;0;1;0;1.0;2.0;1.0;0.0;A01
201100062097;0;1;0;0.0;2.0;8.0;1.0;A01
201100062104;0;1;0;0.0;2.0;7.0;1.0;B01
201100062107;0;1;0;0.0;0.0;3.0;15.0;A01
201100062111;0;1;0;0.0;2.0;6.0;13.0;B01
201100062111;0;1;0;0.0;2.0;2.0;1.0;A01
201100062122;0;1;0;0.0;2.0;1.0;1.0;B01
201100062130;0;1;0;0.0;2.0;8.0;13.0;A01
201100062138;0;1;0;0.0;0.0;0.0;1.0;A01
201100062160;0;1;0;0.0;2.0;6.0;2.0;A01
201100062162;0;1;0;0.0;1.0;1.0;1.0;A01
201100062177;0;1;0;0.0;2.0;3.0;1.0;B01
201100062193;0;1;0;0.0;2.0;6.0;15.0;B01
201100062197;0;1;0;0.0;2.0;4.0;11.0;B01
201100062203;0;1;0;0.0;2.0;8.0;18.0;B01
201100062226;0;1;0;0.0;0.0;0.0;1.0;A01
201100062230;0;1;0;0.0;2.0;8.0;1.0;B01
201100062231;0;1;0;0.0;2.0;1.0;17.0;B01
201100062246;0;1;0;0.0;2.0;3.0;19.0;B01
201100062254;0;1;0;0.0;0.0;0.0;21.0;A01
201100062279;0;1;0;0.0;0.0;0.0;21.0;A01
201100062282;0;1;0;0.0;2.0;4.0;1.0;B01
201100062283;0;1;0;0.0;0.0;8.0;1.0;A01
201100062284;0;1;0;0.0;1.0;1.0;1.0;A01
201100062288;0;1;0;0.0;0.0;0.0;1.0;A01
201100062301;0;1;0;0.0;1.0;1.0;21.0;A01
201100062327;0;1;0;0.0;2.0;3.0;13.0;A01
201100062362;0;1;0;0.0;2.0;8.0;1.0;B01
201100062384;0;1;0;0.0;1.0;1.0;1.0;A01
201100062385;0;1;0;0.0;2.0;1.0;1.0;B01
201100062397;0;1;0;0.0;2.0;1.0;1.0;B01
201100062406;0;1;0;0.0;2.0;0.0;16.0;A01
201100062491;0;1;0;0.0;9.0;3.0;13.0;B01
201100062502;0;1;0;1.0;0.0;1.0;1.0;B01
201100062505;0;1;0;0.0;2.0;0.0;1.0;A01
201100062511;0;1;0;0.0;2.0;1.0;7.0;A01
201100062512;0;1;0;0.0;2.0;4.0;16.0;A01
201100062530;0;1;0;0.0;2.0;3.0;9.0;A01
201100062531;0;1;0;0.0;2.0;1.0;17.0;B01
201100062550;0;1;0;0.0;2.0;4.0;16.0;B01
201100062557;0;1;0;0.0;2.0;8.0;19.0;B01
201100062559;0;1;0;0.0;2.0;1.0;1.0;A01
201100062560;0;1;0;12.0;2.0;8.0;2.0;B01
201100062567;0;1;0;0.0;2.0;1.0;15.0;A01
201100062574;0;1;0;0.0;2.0;7.0;0.0;B01
201100062574;0;1;0;0.0;2.0;1.0;0.0;A01
201100062575;0;1;0;0.0;1.0;1.0;1.0;A01
201100062585;0;1;0;1.0;0.0;2.0;21.0;A01
201100062589;0;1;0;0.0;0.0;8.0;7.0;A01
201100062591;0;1;0;0.0;0.0;3.0;15.0;A01
201100062597;0;1;0;0.0;2.0;6.0;7.0;B01
201100062600;0;1;0;0.0;0.0;0.0;1.0;A01
201100062604;0;1;0;0.0;2.0;1.0;1.0;B01
201100062610;0;1;0;0.0;2.0;1.0;2.0;A01
201100062626;0;1;0;0.0;2.0;8.0;7.0;B01
201100062628;0;1;0;0.0;2.0;1.0;1.0;A01
201100062635;0;1;0;0.0;2.0;3.0;1.0;B01
201100062637;0;1;0;0.0;2.0;1.0;1.0;B01
201100062660;0;1;0;0.0;2.0;1.0;19.0;A01
201100062708;0;1;0;0.0;2.0;2.0;1.0;B01
201100062711;0;1;0;0.0;0.0;1.0;1.0;A01
201100062715;0;1;0;0.0;2.0;3.0;1.0;B01
201100062716;0;1;0;0.0;2.0;7.0;1.0;B01
201100062828;0;1;0;0.0;0.0;1.0;7.0;B01
201100062871;0;1;0;0.0;2.0;3.0;12.0;B01
201100062875;0;1;0;0.0;0.0;0.0;7.0;A01
201100062876;0;1;0;0.0;2.0;0.0;13.0;B01
201100062878;0;1;0;0.0;2.0;0.0;1.0;B01
201100062889;0;1;0;0.0;2.0;2.0;16.0;B01
201100062916;0;1;0;0.0;2.0;2.0;15.0;A01
201100062924;0;1;0;0.0;2.0;8.0;1.0;B01
201100062943;0;1;0;0.0;1.0;1.0;7.0;A01
201100062982;0;1;0;0.0;2.0;1.0;15.0;A01
201100062988;0;1;0;1.0;0.0;3.0;17.0;A01
201100063011;0;1;0;1.0;0.0;9.0;13.0;A01
201100063019;0;1;0;0.0;1.0;3.0;1.0;A01
201100063033;0;1;0;0.0;1.0;1.0;1.0;A01
201100063034;0;1;0;8.0;0.0;2.0;14.0;A01
201100063049;0;1;0;0.0;0.0;1.0;1.0;B01
201100063052;0;1;0;1.0;0.0;1.0;14.0;A01
201100063070;0;1;0;0.0;1.0;1.0;1.0;A01
201100063078;0;1;0;0.0;2.0;1.0;1.0;B01
201100063087;0;1;0;0.0;2.0;1.0;1.0;B01
201100063100;0;1;0;0.0;2.0;4.0;2.0;A01
201100063141;0;1;0;0.0;2.0;1.0;17.0;B01
201100063147;0;1;0;0.0;2.0;7.0;18.0;A01
201100063190;0;1;0;0.0;2.0;1.0;1.0;B01
201100063237;0;1;0;0.0;2.0;8.0;1.0;B01
201100063238;0;1;0;0.0;2.0;8.0;19.0;B01
201100063250;0;1;0;0.0;2.0;8.0;17.0;B01
201100063276;0;1;0;1.0;0.0;1.0;1.0;B01
201100063284;0;1;0;0.0;2.0;8.0;1.0;B01
201100063304;0;1;0;0.0;2.0;1.0;15.0;A01
201100063305;0;1;0;0.0;2.0;4.0;1.0;B01
201100063310;0;1;0;0.0;2.0;1.0;1.0;B01
201100063313;0;1;0;0.0;2.0;1.0;1.0;B01
201100063330;0;1;0;0.0;2.0;4.0;19.0;B01
201100063335;0;1;0;0.0;2.0;7.0;16.0;B01
201100063361;0;1;0;0.0;2.0;8.0;1.0;B01
201100063362;0;1;0;0.0;2.0;8.0;1.0;B01
201100063376;0;1;0;0.0;0.0;0.0;13.0;A01
201100063388;0;1;0;0.0;2.0;8.0;1.0;B01
201100063390;0;1;0;0.0;2.0;1.0;9.0;A01
201100063392;0;1;0;0.0;2.0;4.0;2.0;B01
201100063396;0;1;0;0.0;2.0;0.0;1.0;A01
201100063398;0;1;0;0.0;2.0;1.0;1.0;B01
201100063406;0;1;0;0.0;2.0;1.0;1.0;B01
201100063422;0;1;0;0.0;0.0;0.0;1.0;A01
201100063423;0;1;0;0.0;2.0;3.0;1.0;A01
201100063423;0;1;0;0.0;2.0;1.0;19.0;B01
201100063435;0;1;0;0.0;2.0;3.0;1.0;A01
201100063443;0;1;0;0.0;1.0;1.0;2.0;A01
201100063447;0;1;0;0.0;2.0;2.0;18.0;A01
201100063448;0;1;0;0.0;2.0;4.0;13.0;B01
201100063456;0;1;0;0.0;2.0;1.0;1.0;B01
201100063460;0;1;0;0.0;0.0;5.0;16.0;B01
201100063462;0;1;0;0.0;2.0;4.0;11.0;A01
201100063470;0;1;0;0.0;0.0;4.0;12.0;B01
201100063490;0;1;0;0.0;2.0;8.0;19.0;B01
201100063499;0;1;0;0.0;2.0;4.0;9.0;A01
201100063508;0;1;0;0.0;2.0;0.0;2.0;A01
201100063528;0;1;0;0.0;0.0;0.0;16.0;A01
201100063531;0;1;0;0.0;2.0;2.0;1.0;B01
201100063570;0;1;0;0.0;1.0;0.0;1.0;A01
201100063571;0;1;0;0.0;0.0;8.0;1.0;B01
201100063593;0;1;0;0.0;2.0;1.0;3.0;A01
201100063595;0;1;0;0.0;0.0;0.0;7.0;A01
201100063597;0;1;0;0.0;1.0;1.0;1.0;A01
201100063608;0;1;0;0.0;1.0;1.0;1.0;A01
201100063616;0;1;0;0.0;1.0;1.0;1.0;A01
201100063629;0;1;0;0.0;1.0;1.0;7.0;A01
201100063637;0;1;0;0.0;2.0;1.0;1.0;B01
201100063638;0;1;0;0.0;5.0;1.0;1.0;A01
201100063646;0;1;0;0.0;1.0;1.0;1.0;A01
201100063667;0;1;0;0.0;2.0;8.0;1.0;B01
201100063679;0;1;0;14.0;0.0;0.0;1.0;A01
201100063692;0;1;0;0.0;2.0;1.0;5.0;A01
201100063707;0;1;0;15.0;2.0;3.0;18.0;B01
201100063718;0;1;0;0.0;2.0;8.0;1.0;B01
201100063723;0;1;0;0.0;2.0;3.0;1.0;B01
201100063730;0;1;0;0.0;0.0;0.0;1.0;A01
201100063735;0;1;0;6.0;0.0;1.0;14.0;A01
201100063738;0;1;0;0.0;2.0;1.0;1.0;B01
201100063755;0;1;0;0.0;2.0;1.0;1.0;B01
201100063757;0;1;0;0.0;2.0;3.0;15.0;A01
201100063761;0;1;0;0.0;2.0;1.0;1.0;B01
201100063769;0;1;0;0.0;1.0;1.0;1.0;A01
201100063770;0;1;0;0.0;2.0;8.0;19.0;B01
201100063789;0;1;0;0.0;2.0;2.0;1.0;B01
201100063804;0;1;0;0.0;1.0;1.0;17.0;A01
201100063812;0;1;0;0.0;2.0;1.0;1.0;A01
201100063814;0;1;0;0.0;2.0;1.0;1.0;B01
201100063823;0;1;0;0.0;2.0;1.0;9.0;B01
201100063824;0;1;0;0.0;2.0;1.0;2.0;A01
201100063846;0;1;0;0.0;2.0;1.0;1.0;B01
201100063855;0;1;0;0.0;2.0;1.0;1.0;B01
201100063881;0;1;0;0.0;2.0;2.0;1.0;B01
201100063969;0;1;0;0.0;0.0;0.0;1.0;A01
201100063975;0;1;0;0.0;2.0;1.0;1.0;B01
201100063996;0;1;0;1.0;0.0;2.0;1.0;B01
201100064007;0;1;0;0.0;2.0;1.0;1.0;B01
201100064026;0;1;0;0.0;2.0;1.0;1.0;A01
201100064040;0;1;0;1.0;0.0;7.0;1.0;A01
201100064059;0;1;0;0.0;2.0;1.0;1.0;A01
201100064083;0;1;0;0.0;2.0;1.0;17.0;A01
201100064101;0;1;0;0.0;2.0;6.0;17.0;B01
201100064105;0;1;0;0.0;2.0;1.0;1.0;B01
201100064107;0;1;0;0.0;2.0;1.0;9.0;A01
201100064115;0;1;0;0.0;2.0;8.0;13.0;B01
201100064134;0;1;0;1.0;0.0;1.0;14.0;A01
201100064159;0;1;0;0.0;2.0;1.0;1.0;B01
201100064194;0;1;0;0.0;1.0;1.0;1.0;A01
201100064208;0;1;0;0.0;2.0;8.0;13.0;B01
201100064212;0;1;0;0.0;2.0;1.0;17.0;A01
201100064212;0;1;0;0.0;2.0;4.0;1.0;B01
201100064215;0;1;0;0.0;2.0;7.0;17.0;B01
201100064239;0;1;0;12.0;0.0;0.0;14.0;A01
201100064257;0;1;0;0.0;2.0;1.0;13.0;A01
201100064262;0;1;0;0.0;0.0;0.0;1.0;A01
201100064268;0;1;0;0.0;2.0;7.0;2.0;A01
201100064268;0;1;0;0.0;2.0;8.0;2.0;B01
201100064271;0;1;0;0.0;2.0;1.0;1.0;C01
201100064272;0;1;0;0.0;0.0;0.0;21.0;A01
201100064293;0;1;0;0.0;2.0;2.0;1.0;B01
201100064294;0;1;0;0.0;2.0;7.0;7.0;B01
201100064295;0;1;0;0.0;2.0;8.0;19.0;B01
201100064976;0;1;0;0.0;2.0;1.0;1.0;A01
201100065071;0;1;0;0.0;0.0;0.0;1.0;A01
201100065074;0;1;0;0.0;2.0;4.0;1.0;B02
201100065098;0;1;0;0.0;0.0;4.0;1.0;B02
201100065139;0;1;0;0.0;0.0;0.0;0.0;B02
201100065143;0;1;0;0.0;0.0;4.0;1.0;B02
201100065171;0;1;0;0.0;2.0;1.0;19.0;B02
201100065187;0;1;0;0.0;2.0;1.0;5.0;B02
201100065216;0;1;0;0.0;0.0;4.0;13.0;A01
201100065223;0;1;0;0.0;2.0;0.0;0.0;B02
201100065224;0;1;0;0.0;2.0;1.0;0.0;B02
201100065230;0;1;0;0.0;0.0;8.0;1.0;B02
201100065241;0;1;0;0.0;2.0;8.0;1.0;B02
201100065258;0;1;0;2.0;0.0;1.0;1.0;A01
201100065260;0;1;0;0.0;0.0;1.0;11.0;B02
201100065271;0;1;0;0.0;2.0;1.0;1.0;A01
201100065274;0;1;0;0.0;2.0;4.0;0.0;B02
201100065290;0;1;0;0.0;2.0;1.0;19.0;A01
201100065295;0;1;0;0.0;2.0;1.0;13.0;A01
201100065301;0;1;0;0.0;2.0;4.0;2.0;B02
201100065316;0;1;0;0.0;0.0;4.0;0.0;B02
201100065318;0;1;0;0.0;2.0;3.0;1.0;B02
201100065355;0;1;0;0.0;0.0;7.0;15.0;B02
201100065385;0;1;0;6.0;0.0;1.0;1.0;A01
201100065387;0;1;0;0.0;2.0;1.0;13.0;A01
201100065394;0;1;0;0.0;0.0;1.0;1.0;B02
201100065413;0;1;0;0.0;2.0;1.0;13.0;A01
201100065431;0;1;0;0.0;2.0;4.0;1.0;B02
201100065431;0;1;0;0.0;2.0;4.0;1.0;A01
201100065449;0;1;0;0.0;2.0;1.0;13.0;C03
201100065449;0;1;0;0.0;2.0;1.0;13.0;B02
201100065453;0;1;0;1.0;0.0;1.0;1.0;A01
201100065456;0;1;0;0.0;2.0;1.0;19.0;B02
201100065466;0;1;0;0.0;2.0;1.0;1.0;B02
201100065471;0;1;0;1.0;0.0;1.0;0.0;B02
201100065486;0;1;0;1.0;0.0;1.0;13.0;A01
201100065504;0;1;0;0.0;2.0;8.0;1.0;A01
201100065529;0;1;0;0.0;2.0;0.0;0.0;B02
201100065539;0;1;0;0.0;2.0;1.0;16.0;A01
201100065546;0;1;0;0.0;0.0;1.0;19.0;A01
201100065583;0;1;0;0.0;2.0;1.0;1.0;B02
201100065588;0;1;0;0.0;2.0;7.0;23.0;B02
201100065606;0;1;0;0.0;2.0;1.0;16.0;B02
201100065612;0;1;0;0.0;2.0;8.0;15.0;B02
201100065614;0;1;0;0.0;2.0;1.0;0.0;B02
201100065629;0;1;0;0.0;2.0;3.0;13.0;A01
201100065631;0;1;0;0.0;2.0;1.0;13.0;A01
201100065638;0;1;0;0.0;2.0;1.0;1.0;B02
201100065660;0;1;0;0.0;2.0;0.0;1.0;B01
201100065669;0;1;0;0.0;2.0;8.0;1.0;B01
201100065670;0;1;0;0.0;2.0;0.0;19.0;B01
201100065675;0;1;0;0.0;2.0;1.0;0.0;A01
201100065681;0;1;0;0.0;2.0;4.0;2.0;B01
201100065703;0;1;0;0.0;2.0;4.0;2.0;B01
201100065740;0;1;0;0.0;2.0;0.0;1.0;D01
201100065740;0;1;0;0.0;2.0;0.0;1.0;B01
201100065740;0;1;0;0.0;2.0;0.0;1.0;C01
201100065777;0;1;0;0.0;0.0;0.0;0.0;B01
201100065842;0;1;0;16.0;0.0;1.0;14.0;A01
201100065906;0;1;0;0.0;2.0;4.0;1.0;B01
201100066027;0;1;0;0.0;2.0;1.0;13.0;A01
201100066054;0;1;0;0.0;1.0;1.0;1.0;A01
201100066054;0;1;0;0.0;1.0;1.0;1.0;B01
201100066071;0;1;0;0.0;2.0;4.0;2.0;A01
201100066094;0;1;0;0.0;2.0;8.0;18.0;B01
201100066113;0;1;0;0.0;2.0;1.0;2.0;A01
201100066119;0;1;0;0.0;2.0;4.0;2.0;B01
201100066120;0;1;0;0.0;2.0;7.0;0.0;B01
201100066170;0;1;0;0.0;9.0;4.0;2.0;B01
201100066176;0;1;0;0.0;2.0;1.0;1.0;B01
201100066181;0;1;0;0.0;2.0;1.0;5.0;C01
201100066184;0;1;0;0.0;2.0;4.0;1.0;A01
201100066185;0;1;0;0.0;2.0;1.0;5.0;B01
201100066188;0;1;0;0.0;2.0;0.0;2.0;B01
201100066199;0;1;0;0.0;2.0;3.0;1.0;B01
201100066202;0;1;0;0.0;2.0;1.0;10.0;B01
201100066205;0;1;0;0.0;2.0;4.0;10.0;B01
201100066218;0;1;0;0.0;2.0;1.0;1.0;B01
201100066218;0;1;0;0.0;2.0;1.0;1.0;C01
201100066250;0;1;0;0.0;9.0;1.0;1.0;C01
201100066259;0;1;0;0.0;0.0;4.0;2.0;B01
201100066269;0;1;0;0.0;2.0;8.0;19.0;A01
201100066274;0;1;0;0.0;2.0;8.0;1.0;B01
201100066281;0;1;0;0.0;2.0;0.0;2.0;B01
201100066283;0;1;0;0.0;2.0;8.0;1.0;A01
201100066299;0;1;0;0.0;1.0;1.0;2.0;B01
201100066311;0;1;0;0.0;2.0;8.0;19.0;B01
201100066327;0;1;0;0.0;2.0;8.0;9.0;A01
201100066328;0;1;0;0.0;2.0;6.0;19.0;B01
201100066335;0;1;0;0.0;2.0;0.0;1.0;B01
201100066336;0;1;0;0.0;0.0;1.0;13.0;A01
201100066339;0;1;0;0.0;2.0;1.0;2.0;A01
201100066347;0;1;0;0.0;2.0;8.0;1.0;B01
201100066349;0;1;0;0.0;2.0;1.0;1.0;B01
201100066353;0;1;0;0.0;9.0;7.0;0.0;A01
201100066357;0;1;0;0.0;9.0;0.0;0.0;B01
201100066366;0;1;0;0.0;2.0;7.0;1.0;B01
201100066372;0;1;0;0.0;2.0;1.0;1.0;A01
201100066380;0;1;0;0.0;9.0;1.0;2.0;B01
201100066393;0;1;0;0.0;2.0;4.0;2.0;B01
201100066396;0;1;0;0.0;2.0;8.0;19.0;B01
201100066399;0;1;0;0.0;2.0;8.0;19.0;C01
201100066401;0;1;0;0.0;2.0;1.0;5.0;A01
201100066403;0;1;0;0.0;2.0;4.0;2.0;B01
201100066413;0;1;0;0.0;2.0;7.0;19.0;B01
201100066416;0;1;0;0.0;2.0;1.0;18.0;B01
201100066419;0;1;0;0.0;0.0;7.0;1.0;B01
201100066423;0;1;0;0.0;2.0;7.0;5.0;B01
201100066426;0;1;0;0.0;2.0;1.0;1.0;B01
201100066427;0;1;0;0.0;2.0;8.0;1.0;B01
201100066428;0;1;0;0.0;2.0;1.0;17.0;B01
201100066432;0;1;0;0.0;2.0;7.0;15.0;A01
201100066451;0;1;0;0.0;2.0;8.0;1.0;B01
201100066454;0;1;0;0.0;2.0;7.0;1.0;B01
201100066467;0;1;0;0.0;2.0;1.0;5.0;B01
201100066468;0;1;0;0.0;2.0;1.0;1.0;A01
201100066478;0;1;0;0.0;0.0;7.0;0.0;A01
201100066485;0;1;0;0.0;0.0;0.0;1.0;A01
201100066492;0;1;0;0.0;2.0;1.0;1.0;B01
201100066494;0;1;0;0.0;2.0;1.0;19.0;B01
201100066495;0;1;0;0.0;2.0;8.0;1.0;B01
201100066502;0;1;0;0.0;2.0;4.0;13.0;B01
201100066507;0;1;0;0.0;2.0;0.0;1.0;B01
201100066508;0;1;0;0.0;2.0;1.0;9.0;A01
201100066510;0;1;0;0.0;2.0;1.0;17.0;A01
201100066512;0;1;0;0.0;0.0;0.0;1.0;A01
201100066515;0;1;0;0.0;0.0;4.0;1.0;B01
201100066516;0;1;0;0.0;2.0;1.0;9.0;A01
201100066522;0;1;0;0.0;2.0;8.0;1.0;B01
201100066530;0;1;0;0.0;2.0;1.0;19.0;A01
201100066532;0;1;0;0.0;2.0;1.0;1.0;B01
201100066549;0;1;0;0.0;2.0;1.0;1.0;C01
201100066552;0;1;0;16.0;0.0;0.0;1.0;A01
201100066581;0;1;0;0.0;2.0;1.0;5.0;B01
201100066607;0;1;0;0.0;2.0;0.0;0.0;B01
201100066620;0;1;0;0.0;2.0;0.0;0.0;B01
201100066620;0;1;0;0.0;2.0;0.0;2.0;C01
201100066634;0;1;0;0.0;2.0;1.0;0.0;A01
201100066636;0;1;0;0.0;2.0;1.0;0.0;B01
201100066649;0;1;0;0.0;2.0;0.0;0.0;B01
201100066654;0;1;0;0.0;1.0;1.0;0.0;A01
201100066655;0;1;0;0.0;2.0;0.0;0.0;B01
201100066661;0;1;0;0.0;0.0;0.0;0.0;A01
201100066686;0;1;0;0.0;2.0;1.0;0.0;A01
201100066702;0;1;0;0.0;2.0;8.0;0.0;B01
201100066703;0;1;0;0.0;2.0;1.0;0.0;A01
201100066707;0;1;0;0.0;2.0;0.0;0.0;B01
201100066710;0;1;0;0.0;1.0;1.0;0.0;A01
201100066716;0;1;0;0.0;0.0;0.0;1.0;A01
201100066722;0;1;0;0.0;2.0;2.0;9.0;A01
201100066723;0;1;0;0.0;0.0;0.0;0.0;A01
201100066758;0;1;0;1.0;0.0;1.0;1.0;B01
201100066764;0;1;0;0.0;2.0;7.0;1.0;A01
201100066770;0;1;0;0.0;0.0;1.0;1.0;A01
201100066775;0;1;0;0.0;2.0;8.0;1.0;A01
201100066790;0;1;0;1.0;0.0;1.0;1.0;A01
201100066799;0;1;0;0.0;2.0;1.0;1.0;B01
201100066803;0;1;0;0.0;2.0;3.0;1.0;B01
201100066809;0;1;0;0.0;2.0;8.0;1.0;A01
201100066819;0;1;0;0.0;0.0;0.0;1.0;A01
201100066857;0;1;0;0.0;2.0;1.0;1.0;A01
201100066876;0;1;0;0.0;2.0;4.0;1.0;A01
201100066881;0;1;0;0.0;0.0;0.0;16.0;A01
201100066891;0;1;0;16.0;0.0;0.0;21.0;A01
201100066900;0;1;0;0.0;2.0;1.0;1.0;A01
201100066912;0;1;0;0.0;2.0;1.0;1.0;B01
201100066919;0;1;0;0.0;0.0;4.0;1.0;B01
201100066929;0;1;0;1.0;0.0;1.0;13.0;A01
201100066930;0;1;0;0.0;4.0;1.0;1.0;A01
201100066931;0;1;0;0.0;2.0;3.0;1.0;B01
201100066935;0;1;0;0.0;0.0;0.0;1.0;A01
201100066957;0;1;0;0.0;2.0;1.0;1.0;A01
201100066967;0;1;0;0.0;2.0;7.0;19.0;B01